postcode_district,region,practice_count,total_eligible,total_vaccinated,coverage
TW11,NHS South West London ICB,2,147,44,29.9
SW13,NHS South West London ICB,2,211,79,37.4
WC2H,NHS North West London ICB,1,13,6,46.2
M15,NHS Greater Manchester ICB,2,218,122,56.0
N16,Multiple regions,11,1710,978,57.2
B7,NHS Birmingham and Solihull ICB,3,197,116,58.9
W1D,NHS North West London ICB,2,20,12,60.0
B17,NHS Birmingham and Solihull ICB,4,576,350,60.8
LS2,NHS West Yorkshire ICB,1,13,8,61.5
E5,NHS North East London ICB,6,510,315,61.8
BS2,"NHS Bristol, North Somerset and South Gloucestershire ICB",1,87,54,62.1
W12,NHS North West London ICB,11,534,332,62.2
W14,NHS North West London ICB,4,206,131,63.6
W10,NHS North West London ICB,11,430,278,64.7
NG1,NHS Nottingham and Nottinghamshire ICB,2,120,78,65.0
BD9,NHS West Yorkshire ICB,2,256,168,65.6
L27,NHS Cheshire and Merseyside ICB,1,31,21,67.7
N9,NHS North Central London ICB,9,1593,1091,68.5
L7,NHS Cheshire and Merseyside ICB,6,483,334,69.2
W9,NHS North West London ICB,5,253,175,69.2
M7,NHS Greater Manchester ICB,5,711,498,70.0
L1,NHS Cheshire and Merseyside ICB,1,54,38,70.4
L28,NHS Cheshire and Merseyside ICB,1,89,63,70.8
EC1R,NHS North Central London ICB,2,107,76,71.0
SW9,NHS South East London ICB,8,451,320,71.0
EC1V,NHS North Central London ICB,1,70,50,71.4
N18,NHS North Central London ICB,4,316,226,71.5
SW1V,NHS North West London ICB,2,179,128,71.5
W11,NHS North West London ICB,6,351,251,71.5
L30,NHS Cheshire and Merseyside ICB,1,88,63,71.6
L3,NHS Cheshire and Merseyside ICB,1,39,28,71.8
W1K,NHS North West London ICB,1,25,18,72.0
HA9,NHS North West London ICB,10,914,664,72.6
B1,NHS Birmingham and Solihull ICB,1,99,72,72.7
N15,NHS North Central London ICB,7,711,518,72.9
HA3,NHS North West London ICB,10,846,618,73.0
L5,NHS Cheshire and Merseyside ICB,3,196,143,73.0
N17,NHS North Central London ICB,7,525,383,73.0
M8,NHS Greater Manchester ICB,5,676,494,73.1
BD1,NHS West Yorkshire ICB,2,204,150,73.5
LS8,NHS West Yorkshire ICB,6,598,440,73.6
LS9,NHS West Yorkshire ICB,7,801,590,73.7
BD4,NHS West Yorkshire ICB,3,374,276,73.8
N19,NHS North Central London ICB,6,282,209,74.1
SE5,NHS South East London ICB,5,286,212,74.1
SW5,NHS North West London ICB,4,147,109,74.1
M3,NHS Greater Manchester ICB,1,101,75,74.3
NW10,NHS North West London ICB,10,1021,759,74.3
LS12,NHS West Yorkshire ICB,5,565,421,74.5
SE17,NHS South East London ICB,3,216,161,74.5
SW3,NHS North West London ICB,2,94,70,74.5
S3,NHS South Yorkshire ICB,5,410,306,74.6
B19,NHS Birmingham and Solihull ICB,5,889,665,74.8
S4,NHS South Yorkshire ICB,2,195,146,74.9
EN3,NHS North Central London ICB,3,420,315,75.0
WC1B,NHS North Central London ICB,1,16,12,75.0
SE11,NHS South East London ICB,2,153,115,75.2
L24,NHS Cheshire and Merseyside ICB,3,195,147,75.4
B25,NHS Birmingham and Solihull ICB,2,119,90,75.6
HA7,NHS North West London ICB,2,307,232,75.6
SE1,NHS South East London ICB,6,936,708,75.6
L33,NHS Cheshire and Merseyside ICB,2,296,224,75.7
WC1N,NHS North Central London ICB,3,111,84,75.7
N7,NHS North Central London ICB,7,442,335,75.8
B9,NHS Birmingham and Solihull ICB,3,437,332,76.0
SW8,Multiple regions,4,242,184,76.0
TW8,NHS North West London ICB,3,255,194,76.1
W2,NHS North West London ICB,9,480,366,76.2
RM4,NHS Hertfordshire and West Essex ICB,1,38,29,76.3
E9,NHS North East London ICB,7,480,367,76.5
HA8,Multiple regions,11,1232,943,76.5
N22,NHS North Central London ICB,7,519,397,76.5
RM19,NHS Mid and South Essex ICB,1,102,78,76.5
CV6,NHS Coventry and Warwickshire ICB,13,1574,1206,76.6
NG7,NHS Nottingham and Nottinghamshire ICB,9,714,547,76.6
WC1X,NHS North Central London ICB,2,116,89,76.7
SW7,NHS North West London ICB,5,211,162,76.8
M13,NHS Greater Manchester ICB,6,480,369,76.9
B23,NHS Birmingham and Solihull ICB,5,470,362,77.0
NW8,Multiple regions,5,369,284,77.0
B18,NHS Birmingham and Solihull ICB,6,401,309,77.1
L69,NHS Cheshire and Merseyside ICB,1,118,91,77.1
NW1,Multiple regions,6,340,262,77.1
UB5,NHS North West London ICB,11,786,606,77.1
W1T,NHS North West London ICB,1,35,27,77.1
B12,NHS Birmingham and Solihull ICB,7,648,500,77.2
L6,NHS Cheshire and Merseyside ICB,8,548,423,77.2
N13,NHS North Central London ICB,3,347,268,77.2
IG7,NHS North East London ICB,2,233,180,77.3
CR7,NHS South West London ICB,9,876,678,77.4
L8,NHS Cheshire and Merseyside ICB,5,429,332,77.4
NW2,Multiple regions,12,786,608,77.4
L36,NHS Cheshire and Merseyside ICB,10,809,627,77.5
B34,NHS Birmingham and Solihull ICB,3,224,174,77.7
N1,Multiple regions,13,1102,856,77.7
E16,NHS North East London ICB,4,696,542,77.9
TW3,NHS North West London ICB,12,1102,858,77.9
SW1W,NHS North West London ICB,2,118,92,78.0
TW4,NHS North West London ICB,1,120,94,78.3
B13,NHS Birmingham and Solihull ICB,4,319,250,78.4
BS1,"NHS Bristol, North Somerset and South Gloucestershire ICB",1,37,29,78.4
B11,NHS Birmingham and Solihull ICB,9,689,541,78.5
IG6,NHS North East London ICB,3,256,201,78.5
CR0,NHS South West London ICB,18,1714,1347,78.6
CR4,NHS South West London ICB,7,591,465,78.7
B10,NHS Birmingham and Solihull ICB,7,496,391,78.8
B20,NHS Birmingham and Solihull ICB,2,212,167,78.8
B35,NHS Birmingham and Solihull ICB,2,204,161,78.9
L32,NHS Cheshire and Merseyside ICB,3,270,213,78.9
E10,NHS North East London ICB,7,714,564,79.0
B8,NHS Birmingham and Solihull ICB,13,1214,960,79.1
E15,NHS North East London ICB,6,769,608,79.1
IG11,NHS North East London ICB,11,1230,973,79.1
L4,NHS Cheshire and Merseyside ICB,7,231,183,79.2
SW11,NHS South West London ICB,11,919,728,79.2
L21,NHS Cheshire and Merseyside ICB,5,276,219,79.3
PE21,NHS Lincolnshire ICB,4,561,445,79.3
B6,NHS Birmingham and Solihull ICB,3,281,223,79.4
AL9,NHS Hertfordshire and West Essex ICB,1,78,62,79.5
M1,NHS Greater Manchester ICB,2,88,70,79.5
SW6,NHS North West London ICB,10,1013,805,79.5
LS7,NHS West Yorkshire ICB,5,499,397,79.6
PE1,NHS Cambridgeshire and Peterborough ICB,6,1251,997,79.7
B5,NHS Birmingham and Solihull ICB,1,104,83,79.8
LS17,NHS West Yorkshire ICB,2,425,339,79.8
M16,NHS Greater Manchester ICB,5,451,360,79.8
SE16,NHS South East London ICB,4,408,326,79.9
L16,NHS Cheshire and Merseyside ICB,1,15,12,80.0
L20,NHS Cheshire and Merseyside ICB,7,435,348,80.0
SE8,NHS South East London ICB,3,255,204,80.0
SW10,NHS North West London ICB,2,171,137,80.1
NN1,NHS Northamptonshire ICB,6,774,621,80.2
B42,NHS Birmingham and Solihull ICB,2,268,216,80.6
E6,NHS North East London ICB,8,1054,849,80.6
RH18,NHS Sussex ICB,1,67,54,80.6
SE28,NHS South East London ICB,2,299,241,80.6
N11,NHS North Central London ICB,4,404,326,80.7
B36,NHS Birmingham and Solihull ICB,6,511,413,80.8
HP1,NHS Hertfordshire and West Essex ICB,1,167,135,80.8
L11,NHS Cheshire and Merseyside ICB,5,343,277,80.8
EN8,NHS Hertfordshire and West Essex ICB,4,414,335,80.9
HA2,NHS North West London ICB,8,738,597,80.9
SE12,NHS South East London ICB,1,94,76,80.9
EN9,NHS Hertfordshire and West Essex ICB,2,247,200,81.0
TW13,NHS North West London ICB,7,480,389,81.0
BD14,NHS West Yorkshire ICB,1,95,77,81.1
SW16,Multiple regions,11,1029,835,81.1
UB8,NHS North West London ICB,6,502,407,81.1
W6,NHS North West London ICB,4,417,338,81.1
BD8,NHS West Yorkshire ICB,8,966,784,81.2
NW5,NHS North Central London ICB,5,426,346,81.2
SE2,NHS South East London ICB,3,310,252,81.3
W13,NHS North West London ICB,6,434,353,81.3
EC1A,NHS North East London ICB,1,43,35,81.4
NW9,Multiple regions,10,854,695,81.4
UB6,NHS North West London ICB,8,517,421,81.4
UB7,NHS North West London ICB,4,505,411,81.4
B66,NHS Black Country ICB,6,491,400,81.5
EN7,NHS Hertfordshire and West Essex ICB,2,168,137,81.5
SE21,NHS South East London ICB,2,254,207,81.5
KT5,NHS South West London ICB,1,38,31,81.6
S1,NHS South Yorkshire ICB,1,38,31,81.6
TW10,NHS South West London ICB,1,76,62,81.6
HD4,NHS West Yorkshire ICB,2,104,85,81.7
L9,NHS Cheshire and Merseyside ICB,8,623,509,81.7
RM10,NHS North East London ICB,7,721,589,81.7
SE25,NHS South West London ICB,5,458,374,81.7
CM20,NHS Hertfordshire and West Essex ICB,3,466,381,81.8
GU25,NHS Surrey Heartlands ICB,1,33,27,81.8
IG1,NHS North East London ICB,9,1327,1085,81.8
M18,NHS Greater Manchester ICB,2,242,198,81.8
B28,NHS Birmingham and Solihull ICB,2,409,335,81.9
BS6,"NHS Bristol, North Somerset and South Gloucestershire ICB",3,221,181,81.9
W7,NHS North West London ICB,6,393,322,81.9
BD3,NHS West Yorkshire ICB,7,710,583,82.1
HA1,NHS North West London ICB,7,521,428,82.1
RM8,NHS North East London ICB,7,911,748,82.1
SE15,NHS South East London ICB,8,649,533,82.1
SE4,NHS South East London ICB,1,67,55,82.1
W3,NHS North West London ICB,11,588,483,82.1
DA16,NHS South East London ICB,5,518,426,82.2
M11,NHS Greater Manchester ICB,7,602,495,82.2
TW14,NHS North West London ICB,6,360,296,82.2
TW5,NHS North West London ICB,4,338,278,82.2
E13,NHS North East London ICB,8,996,820,82.3
E8,NHS North East London ICB,6,443,365,82.4
BD6,NHS West Yorkshire ICB,2,217,179,82.5
E3,NHS North East London ICB,7,783,646,82.5
RM6,NHS North East London ICB,5,497,410,82.5
SE18,NHS South East London ICB,11,1260,1040,82.5
LS6,NHS West Yorkshire ICB,7,586,484,82.6
WD19,NHS Hertfordshire and West Essex ICB,2,86,71,82.6
LU2,"NHS Bedfordshire, Luton and Milton Keynes ICB",3,277,229,82.7
N4,Multiple regions,6,446,369,82.7
DA5,NHS South East London ICB,1,64,53,82.8
L14,NHS Cheshire and Merseyside ICB,4,215,178,82.8
NG6,NHS Nottingham and Nottinghamshire ICB,4,447,370,82.8
TF1,"NHS Shropshire, Telford and Wrekin ICB",1,122,101,82.8
B14,NHS Birmingham and Solihull ICB,6,509,422,82.9
L13,NHS Cheshire and Merseyside ICB,5,276,229,83.0
LE1,"NHS Leicester, Leicestershire and Rutland ICB",2,112,93,83.0
M9,NHS Greater Manchester ICB,10,657,545,83.0
RM18,NHS Mid and South Essex ICB,5,494,410,83.0
B27,NHS Birmingham and Solihull ICB,3,219,182,83.1
SE20,NHS South East London ICB,4,260,216,83.1
WV6,Multiple regions,5,455,378,83.1
DN41,NHS Humber and North Yorkshire ICB,1,12,10,83.3
E1,NHS North East London ICB,7,1075,895,83.3
SE26,NHS South East London ICB,2,276,230,83.3
BH1,NHS Dorset ICB,2,265,221,83.4
HP2,NHS Hertfordshire and West Essex ICB,4,481,401,83.4
B16,NHS Birmingham and Solihull ICB,3,411,343,83.5
M22,NHS Greater Manchester ICB,6,571,477,83.5
SL0,"NHS Buckinghamshire, Oxfordshire and Berkshire West ICB",1,85,71,83.5
BB9,NHS Lancashire and South Cumbria ICB,7,688,575,83.6
NG3,NHS Nottingham and Nottinghamshire ICB,7,555,464,83.6
M14,NHS Greater Manchester ICB,7,509,426,83.7
N14,NHS North Central London ICB,2,172,144,83.7
N20,NHS North Central London ICB,1,104,87,83.7
SE19,Multiple regions,3,356,298,83.7
TQ9,NHS Devon ICB,2,141,118,83.7
CM5,NHS Hertfordshire and West Essex ICB,1,136,114,83.8
E2,NHS North East London ICB,5,463,388,83.8
IG3,NHS North East London ICB,5,551,462,83.8
SE9,NHS South East London ICB,5,767,643,83.8
AL6,NHS Hertfordshire and West Essex ICB,1,112,94,83.9
B33,NHS Birmingham and Solihull ICB,3,471,395,83.9
E14,NHS North East London ICB,8,1134,951,83.9
LU1,"NHS Bedfordshire, Luton and Milton Keynes ICB",7,1523,1278,83.9
UB3,NHS North West London ICB,8,996,836,83.9
BS5,"NHS Bristol, North Somerset and South Gloucestershire ICB",5,908,763,84.0
SW4,NHS South East London ICB,7,583,490,84.0
M40,NHS Greater Manchester ICB,7,516,434,84.1
NW6,Multiple regions,7,803,675,84.1
S9,NHS South Yorkshire ICB,4,339,285,84.1
SE6,NHS South East London ICB,3,502,422,84.1
BH8,NHS Dorset ICB,2,120,101,84.2
M41,NHS Greater Manchester ICB,4,379,319,84.2
NG8,NHS Nottingham and Nottinghamshire ICB,9,710,598,84.2
SE27,NHS South East London ICB,2,241,203,84.2
BR1,NHS South East London ICB,9,983,829,84.3
SW2,NHS South East London ICB,3,344,290,84.3
EN2,NHS North Central London ICB,3,289,244,84.4
HP16,"NHS Buckinghamshire, Oxfordshire and Berkshire West ICB",2,45,38,84.4
LS1,NHS West Yorkshire ICB,1,90,76,84.4
E20,NHS North East London ICB,1,239,202,84.5
E7,NHS North East London ICB,10,1020,863,84.6
W8,NHS North West London ICB,3,182,154,84.6
DA14,NHS South East London ICB,2,339,287,84.7
DN15,NHS Humber and North Yorkshire ICB,5,452,383,84.7
ME6,NHS Kent and Medway ICB,1,131,111,84.7
NG32,NHS Lincolnshire ICB,1,72,61,84.7
NW4,NHS North Central London ICB,3,327,277,84.7
B21,NHS Birmingham and Solihull ICB,6,466,395,84.8
B32,NHS Birmingham and Solihull ICB,4,343,291,84.8
DA1,Multiple regions,8,1089,923,84.8
HA0,NHS North West London ICB,10,874,741,84.8
SE10,NHS South East London ICB,6,677,574,84.8
AL3,NHS Hertfordshire and West Essex ICB,3,364,309,84.9
BB2,NHS Lancashire and South Cumbria ICB,8,664,564,84.9
GL19,NHS Gloucestershire ICB,1,53,45,84.9
L23,NHS Cheshire and Merseyside ICB,3,239,203,84.9
LS10,NHS West Yorkshire ICB,4,357,303,84.9
RM16,NHS Mid and South Essex ICB,3,298,253,84.9
TW7,NHS North West London ICB,3,232,197,84.9
BD21,NHS West Yorkshire ICB,1,273,232,85.0
BH5,NHS Dorset ICB,1,200,170,85.0
HU1,NHS Humber and North Yorkshire ICB,3,254,216,85.0
RM3,NHS North East London ICB,10,711,604,85.0
B26,NHS Birmingham and Solihull ICB,8,470,400,85.1
CV1,NHS Coventry and Warwickshire ICB,9,590,502,85.1
LU4,"NHS Bedfordshire, Luton and Milton Keynes ICB",8,955,813,85.1
OL6,NHS Greater Manchester ICB,5,464,395,85.1
B37,NHS Birmingham and Solihull ICB,3,357,304,85.2
BR5,NHS South East London ICB,8,520,443,85.2
EN4,NHS North Central London ICB,3,243,207,85.2
HX1,NHS West Yorkshire ICB,4,647,551,85.2
B29,NHS Birmingham and Solihull ICB,6,346,295,85.3
DA8,NHS South East London ICB,3,450,384,85.3
HA6,NHS North West London ICB,4,293,250,85.3
IG8,NHS North East London ICB,2,129,110,85.3
LS13,NHS West Yorkshire ICB,3,341,291,85.3
NE4,NHS North East and North Cumbria ICB,7,862,735,85.3
RM17,NHS Mid and South Essex ICB,7,651,555,85.3
SE7,NHS South East London ICB,1,150,128,85.3
TQ11,NHS Devon ICB,1,34,29,85.3
W1H,NHS North West London ICB,1,34,29,85.3
BB12,NHS Lancashire and South Cumbria ICB,3,219,187,85.4
E17,NHS North East London ICB,15,1552,1326,85.4
B2,NHS Birmingham and Solihull ICB,1,83,71,85.5
WD23,NHS Hertfordshire and West Essex ICB,3,959,820,85.5
KT22,NHS Surrey Heartlands ICB,2,139,119,85.6
LS11,NHS West Yorkshire ICB,4,556,476,85.6
TS5,NHS North East and North Cumbria ICB,4,527,451,85.6
W4,NHS North West London ICB,8,457,391,85.6
IG10,NHS Hertfordshire and West Essex ICB,3,399,342,85.7
L38,NHS Cheshire and Merseyside ICB,1,14,12,85.7
LN5,Multiple regions,5,476,408,85.7
LU3,"NHS Bedfordshire, Luton and Milton Keynes ICB",7,873,748,85.7
TN34,NHS Sussex ICB,3,490,420,85.7
TS4,NHS North East and North Cumbria ICB,1,84,72,85.7
WC1E,NHS North Central London ICB,1,14,12,85.7
WV2,NHS Black Country ICB,2,519,445,85.7
BR4,NHS South East London ICB,3,162,139,85.8
DE1,NHS Derby and Derbyshire ICB,6,830,712,85.8
EN10,NHS Hertfordshire and West Essex ICB,2,246,211,85.8
N21,NHS North Central London ICB,3,359,308,85.8
HD2,NHS West Yorkshire ICB,5,419,360,85.9
RM13,NHS North East London ICB,5,397,341,85.9
SM2,NHS South West London ICB,1,71,61,85.9
DA12,NHS Kent and Medway ICB,4,399,343,86.0
EN6,NHS Hertfordshire and West Essex ICB,4,371,319,86.0
RM15,NHS Mid and South Essex ICB,5,421,362,86.0
B44,NHS Birmingham and Solihull ICB,7,490,422,86.1
DA7,NHS South East London ICB,4,533,459,86.1
CO15,NHS Suffolk and North East Essex ICB,6,557,480,86.2
DN21,Multiple regions,4,347,299,86.2
E12,NHS North East London ICB,7,679,585,86.2
HU6,NHS Humber and North Yorkshire ICB,2,203,175,86.2
IG2,NHS North East London ICB,7,607,523,86.2
M32,NHS Greater Manchester ICB,3,383,330,86.2
M34,NHS Greater Manchester ICB,3,326,281,86.2
N3,NHS North Central London ICB,6,420,362,86.2
NG5,NHS Nottingham and Nottinghamshire ICB,11,897,773,86.2
SK14,NHS Greater Manchester ICB,7,645,556,86.2
IG9,NHS Hertfordshire and West Essex ICB,3,183,158,86.3
L15,NHS Cheshire and Merseyside ICB,4,336,290,86.3
M4,NHS Greater Manchester ICB,2,117,101,86.3
M6,NHS Greater Manchester ICB,8,691,596,86.3
OL4,NHS Greater Manchester ICB,7,816,704,86.3
SO14,NHS Hampshire and Isle of Wight ICB,2,329,284,86.3
TN37,NHS Sussex ICB,1,161,139,86.3
CH42,NHS Cheshire and Merseyside ICB,3,317,274,86.4
GU6,NHS Surrey Heartlands ICB,1,169,146,86.4
NN17,NHS Northamptonshire ICB,2,530,458,86.4
PE2,NHS Cambridgeshire and Peterborough ICB,4,447,386,86.4
RG45,"NHS Buckinghamshire, Oxfordshire and Berkshire West ICB",1,81,70,86.4
SE23,NHS South East London ICB,3,692,598,86.4
TN20,NHS Sussex ICB,1,22,19,86.4
TR9,NHS Cornwall and the Isles of Scilly ICB,1,125,108,86.4
CR2,NHS South West London ICB,6,620,536,86.5
HU5,NHS Humber and North Yorkshire ICB,6,771,667,86.5
MK10,"NHS Bedfordshire, Luton and Milton Keynes ICB",2,430,372,86.5
TR16,NHS Cornwall and the Isles of Scilly ICB,1,74,64,86.5
WD6,NHS Hertfordshire and West Essex ICB,3,436,377,86.5
BB11,NHS Lancashire and South Cumbria ICB,5,663,574,86.6
CH44,NHS Cheshire and Merseyside ICB,4,290,251,86.6
SE14,NHS South East London ICB,5,402,348,86.6
W5,NHS North West London ICB,6,433,375,86.6
B24,NHS Birmingham and Solihull ICB,3,761,660,86.7
CM11,NHS Mid and South Essex ICB,1,15,13,86.7
N5,NHS North Central London ICB,2,165,143,86.7
NN5,NHS Northamptonshire ICB,1,240,208,86.7
RM1,NHS North East London ICB,4,654,567,86.7
RM5,NHS North East London ICB,2,240,208,86.7
WF13,NHS West Yorkshire ICB,6,600,520,86.7
EN5,NHS North Central London ICB,3,365,317,86.8
N8,NHS North Central London ICB,7,710,616,86.8
NW7,NHS North Central London ICB,3,424,368,86.8
SM4,NHS South West London ICB,3,144,125,86.8
SS0,NHS Mid and South Essex ICB,5,393,341,86.8
TA14,NHS Somerset ICB,1,38,33,86.8
E4,NHS North East London ICB,8,776,674,86.9
NN4,NHS Northamptonshire ICB,3,464,403,86.9
PR1,NHS Lancashire and South Cumbria ICB,11,1133,985,86.9
S2,NHS South Yorkshire ICB,8,626,544,86.9
SW15,NHS South West London ICB,7,602,523,86.9
UB2,NHS North West London ICB,6,465,404,86.9
KT7,NHS Surrey Heartlands ICB,1,46,40,87.0
L12,NHS Cheshire and Merseyside ICB,3,215,187,87.0
RH9,NHS Surrey Heartlands ICB,1,54,47,87.0
ST20,NHS Staffordshire and Stoke-on-Trent ICB,1,46,40,87.0
GL55,NHS Gloucestershire ICB,1,31,27,87.1
IP24,NHS Norfolk and Waveney ICB,3,294,256,87.1
KT9,NHS South West London ICB,3,233,203,87.1
SM1,NHS South West London ICB,5,564,491,87.1
BB5,NHS Lancashire and South Cumbria ICB,10,686,598,87.2
CT19,NHS Kent and Medway ICB,2,188,164,87.2
L35,NHS Cheshire and Merseyside ICB,3,196,171,87.2
NN3,NHS Northamptonshire ICB,7,837,730,87.2
RM7,NHS North East London ICB,4,219,191,87.2
WA8,NHS Cheshire and Merseyside ICB,8,555,484,87.2
HD1,NHS West Yorkshire ICB,10,498,435,87.3
OL12,Multiple regions,5,561,490,87.3
B43,Multiple regions,4,270,236,87.4
B71,NHS Black Country ICB,2,103,90,87.4
BH3,NHS Dorset ICB,1,119,104,87.4
BS11,"NHS Bristol, North Somerset and South Gloucestershire ICB",1,111,97,87.4
CR8,NHS South West London ICB,2,462,404,87.4
DE14,NHS Staffordshire and Stoke-on-Trent ICB,5,523,457,87.4
RM2,NHS North East London ICB,1,103,90,87.4
UB4,NHS North West London ICB,5,325,284,87.4
BS10,"NHS Bristol, North Somerset and South Gloucestershire ICB",2,385,337,87.5
CM18,NHS Hertfordshire and West Essex ICB,3,527,461,87.5
M12,NHS Greater Manchester ICB,3,297,260,87.5
PE13,NHS Cambridgeshire and Peterborough ICB,4,473,414,87.5
TN19,NHS Sussex ICB,1,16,14,87.5
WC2A,NHS North Central London ICB,1,8,7,87.5
WD25,NHS Hertfordshire and West Essex ICB,2,264,231,87.5
DA4,NHS Kent and Medway ICB,1,105,92,87.6
DE23,NHS Derby and Derbyshire ICB,6,1197,1048,87.6
ME4,NHS Kent and Medway ICB,4,784,687,87.6
N2,NHS North Central London ICB,3,170,149,87.6
RM12,NHS North East London ICB,5,410,359,87.6
SS17,NHS Mid and South Essex ICB,5,242,212,87.6
WA16,NHS Cheshire and Merseyside ICB,1,202,177,87.6
WF12,NHS West Yorkshire ICB,5,275,241,87.6
WV10,Multiple regions,13,1163,1019,87.6
BR2,NHS South East London ICB,4,333,292,87.7
CH43,NHS Cheshire and Merseyside ICB,4,179,157,87.7
LU5,"NHS Bedfordshire, Luton and Milton Keynes ICB",5,738,647,87.7
NN2,NHS Northamptonshire ICB,6,677,594,87.7
RG24,NHS Hampshire and Isle of Wight ICB,2,430,377,87.7
SK3,NHS Greater Manchester ICB,2,332,291,87.7
SS16,NHS Mid and South Essex ICB,4,489,429,87.7
TR12,NHS Cornwall and the Isles of Scilly ICB,2,73,64,87.7
TR13,NHS Cornwall and the Isles of Scilly ICB,2,179,157,87.7
BA6,NHS Somerset ICB,2,123,108,87.8
BB10,NHS Lancashire and South Cumbria ICB,3,294,258,87.8
BB3,NHS Lancashire and South Cumbria ICB,4,344,302,87.8
DN1,NHS South Yorkshire ICB,7,968,850,87.8
NG24,NHS Nottingham and Nottinghamshire ICB,4,476,418,87.8
NN11,NHS Northamptonshire ICB,3,435,382,87.8
S5,NHS South Yorkshire ICB,8,608,534,87.8
TS13,Multiple regions,2,74,65,87.8
LS15,NHS West Yorkshire ICB,4,298,262,87.9
PE11,NHS Lincolnshire ICB,3,462,406,87.9
TA24,NHS Somerset ICB,2,99,87,87.9
WF17,NHS West Yorkshire ICB,8,725,637,87.9
AL2,NHS Hertfordshire and West Essex ICB,3,324,285,88.0
BN9,NHS Sussex ICB,2,192,169,88.0
CM15,NHS Mid and South Essex ICB,5,410,361,88.0
DA11,NHS Kent and Medway ICB,4,739,650,88.0
EN1,NHS North Central London ICB,1,92,81,88.0
KT2,NHS South West London ICB,5,619,545,88.0
ME7,NHS Kent and Medway ICB,4,706,621,88.0
PL32,NHS Cornwall and the Isles of Scilly ICB,1,50,44,88.0
SM6,NHS South West London ICB,6,634,558,88.0
ST6,NHS Staffordshire and Stoke-on-Trent ICB,9,961,846,88.0
TN33,NHS Sussex ICB,2,92,81,88.0
WD18,NHS Hertfordshire and West Essex ICB,2,576,507,88.0
AL10,NHS Hertfordshire and West Essex ICB,3,371,327,88.1
CR6,NHS Surrey Heartlands ICB,2,310,273,88.1
DA2,NHS Kent and Medway ICB,1,573,505,88.1
E11,NHS North East London ICB,11,876,772,88.1
SE24,NHS South East London ICB,4,327,288,88.1
SL3,NHS Frimley ICB,3,487,429,88.1
SS13,NHS Mid and South Essex ICB,7,472,416,88.1
TN35,NHS Sussex ICB,1,134,118,88.1
B68,NHS Black Country ICB,6,381,336,88.2
B70,NHS Black Country ICB,10,671,592,88.2
BL9,NHS Greater Manchester ICB,9,633,558,88.2
DA3,NHS Kent and Medway ICB,1,127,112,88.2
DN4,NHS South Yorkshire ICB,3,321,283,88.2
L22,NHS Cheshire and Merseyside ICB,3,169,149,88.2
LS4,NHS West Yorkshire ICB,1,68,60,88.2
MK42,"NHS Bedfordshire, Luton and Milton Keynes ICB",3,642,566,88.2
OL9,NHS Greater Manchester ICB,6,650,573,88.2
OX33,"NHS Buckinghamshire, Oxfordshire and Berkshire West ICB",1,93,82,88.2
PL29,NHS Cornwall and the Isles of Scilly ICB,1,51,45,88.2
TQ5,NHS Devon ICB,1,85,75,88.2
TR15,NHS Cornwall and the Isles of Scilly ICB,2,458,404,88.2
TW9,NHS South West London ICB,4,245,216,88.2
WS1,NHS Black Country ICB,9,754,665,88.2
B65,NHS Black Country ICB,1,419,370,88.3
CR5,NHS South West London ICB,2,223,197,88.3
DY4,NHS Black Country ICB,5,556,491,88.3
L19,NHS Cheshire and Merseyside ICB,4,240,212,88.3
M45,NHS Greater Manchester ICB,2,120,106,88.3
NG18,NHS Nottingham and Nottinghamshire ICB,6,571,504,88.3
NR16,NHS Norfolk and Waveney ICB,1,60,53,88.3
TN38,NHS Sussex ICB,3,103,91,88.3
TR4,NHS Cornwall and the Isles of Scilly ICB,1,60,53,88.3
YO15,NHS Humber and North Yorkshire ICB,1,77,68,88.3
BN20,NHS Sussex ICB,1,199,176,88.4
CT9,NHS Kent and Medway ICB,3,559,494,88.4
NR10,NHS Norfolk and Waveney ICB,1,43,38,88.4
RH3,NHS Surrey Heartlands ICB,1,86,76,88.4
TR17,NHS Cornwall and the Isles of Scilly ICB,1,43,38,88.4
WV1,NHS Black Country ICB,3,319,282,88.4
BD2,NHS West Yorkshire ICB,5,427,378,88.5
CM4,NHS Mid and South Essex ICB,2,113,100,88.5
CT21,NHS Kent and Medway ICB,2,96,85,88.5
E18,NHS North East London ICB,5,382,338,88.5
KT20,NHS Surrey Heartlands ICB,2,174,154,88.5
NE47,NHS North East and North Cumbria ICB,1,26,23,88.5
NG4,NHS Nottingham and Nottinghamshire ICB,3,410,363,88.5
NR27,NHS Norfolk and Waveney ICB,1,52,46,88.5
NW3,NHS North Central London ICB,6,515,456,88.5
TN3,Multiple regions,2,52,46,88.5
WS10,NHS Black Country ICB,11,713,631,88.5
BR7,NHS South East London ICB,1,220,195,88.6
CV2,NHS Coventry and Warwickshire ICB,9,954,845,88.6
GL14,NHS Gloucestershire ICB,2,149,132,88.6
IP1,NHS Suffolk and North East Essex ICB,4,800,709,88.6
N10,NHS North Central London ICB,3,255,226,88.6
NR26,NHS Norfolk and Waveney ICB,1,44,39,88.6
OL8,NHS Greater Manchester ICB,5,491,435,88.6
SW17,NHS South West London ICB,3,684,606,88.6
BA11,NHS Somerset ICB,2,372,330,88.7
CM16,NHS Hertfordshire and West Essex ICB,2,265,235,88.7
CW10,NHS Cheshire and Merseyside ICB,2,159,141,88.7
DN17,NHS Humber and North Yorkshire ICB,1,71,63,88.7
M20,NHS Greater Manchester ICB,6,592,525,88.7
N12,NHS North Central London ICB,3,222,197,88.7
SS2,NHS Mid and South Essex ICB,5,230,204,88.7
ST18,NHS Staffordshire and Stoke-on-Trent ICB,1,53,47,88.7
SW19,NHS South West London ICB,11,917,813,88.7
TS28,NHS North East and North Cumbria ICB,2,204,181,88.7
TW12,NHS South West London ICB,3,222,197,88.7
BN11,NHS Sussex ICB,4,384,341,88.8
CV12,NHS Coventry and Warwickshire ICB,5,427,379,88.8
DA13,NHS Kent and Medway ICB,2,233,207,88.8
DA17,NHS South East London ICB,1,196,174,88.8
DN16,NHS Humber and North Yorkshire ICB,4,526,467,88.8
GU26,NHS Surrey Heartlands ICB,1,80,71,88.8
LE3,"NHS Leicester, Leicestershire and Rutland ICB",15,1308,1162,88.8
MK40,"NHS Bedfordshire, Luton and Milton Keynes ICB",5,865,768,88.8
NN8,NHS Northamptonshire ICB,4,811,720,88.8
PO22,NHS Sussex ICB,2,187,166,88.8
SL2,Multiple regions,5,732,650,88.8
CT2,NHS Kent and Medway ICB,2,208,185,88.9
HP13,"NHS Buckinghamshire, Oxfordshire and Berkshire West ICB",4,350,311,88.9
LE2,"NHS Leicester, Leicestershire and Rutland ICB",19,1454,1293,88.9
PO21,NHS Sussex ICB,4,315,280,88.9
SO43,NHS Hampshire and Isle of Wight ICB,1,27,24,88.9
BD7,NHS West Yorkshire ICB,4,725,645,89.0
DL9,Multiple regions,2,173,154,89.0
M31,NHS Greater Manchester ICB,2,127,113,89.0
NW11,NHS North Central London ICB,6,637,567,89.0
PE9,NHS Lincolnshire ICB,1,182,162,89.0
TR18,NHS Cornwall and the Isles of Scilly ICB,4,227,202,89.0
TS26,NHS North East and North Cumbria ICB,2,181,161,89.0
CM6,NHS Hertfordshire and West Essex ICB,3,348,310,89.1
HU7,NHS Humber and North Yorkshire ICB,6,895,797,89.1
LE5,"NHS Leicester, Leicestershire and Rutland ICB",13,1612,1437,89.1
M24,NHS Greater Manchester ICB,9,718,640,89.1
PL24,NHS Cornwall and the Isles of Scilly ICB,1,46,41,89.1
RM9,NHS North East London ICB,5,294,262,89.1
SK5,NHS Greater Manchester ICB,3,322,287,89.1
SS8,NHS Mid and South Essex ICB,6,348,310,89.1
SW1P,NHS North West London ICB,1,55,49,89.1
WV3,NHS Black Country ICB,3,258,230,89.1
B38,NHS Birmingham and Solihull ICB,3,295,263,89.2
BN17,NHS Sussex ICB,2,251,224,89.2
L26,NHS Cheshire and Merseyside ICB,3,139,124,89.2
SE13,NHS South East London ICB,4,862,769,89.2
WD17,NHS Hertfordshire and West Essex ICB,2,185,165,89.2
B92,NHS Birmingham and Solihull ICB,4,298,266,89.3
BB4,NHS Lancashire and South Cumbria ICB,7,534,477,89.3
BR8,NHS Kent and Medway ICB,1,289,258,89.3
BS24,"NHS Bristol, North Somerset and South Gloucestershire ICB",1,122,109,89.3
CO12,NHS Suffolk and North East Essex ICB,3,253,226,89.3
DN8,NHS South Yorkshire ICB,2,234,209,89.3
DY1,NHS Black Country ICB,8,599,535,89.3
HP21,"NHS Buckinghamshire, Oxfordshire and Berkshire West ICB",1,196,175,89.3
HU3,NHS Humber and North Yorkshire ICB,3,215,192,89.3
TN1,NHS Kent and Medway ICB,2,214,191,89.3
TS3,NHS North East and North Cumbria ICB,5,299,267,89.3
UB1,NHS North West London ICB,14,925,826,89.3
WA6,NHS Cheshire and Merseyside ICB,2,197,176,89.3
B69,NHS Black Country ICB,3,369,330,89.4
B76,NHS Birmingham and Solihull ICB,1,94,84,89.4
BB6,NHS Lancashire and South Cumbria ICB,1,94,84,89.4
BL1,NHS Greater Manchester ICB,16,1257,1124,89.4
CT8,NHS Kent and Medway ICB,1,85,76,89.4
LA3,NHS Lancashire and South Cumbria ICB,1,558,499,89.4
LS14,NHS West Yorkshire ICB,4,312,279,89.4
TN16,Multiple regions,3,188,168,89.4
B15,NHS Birmingham and Solihull ICB,2,181,162,89.5
BA21,NHS Somerset ICB,2,171,153,89.5
BD10,NHS West Yorkshire ICB,3,324,290,89.5
BS7,"NHS Bristol, North Somerset and South Gloucestershire ICB",3,712,637,89.5
HU4,NHS Humber and North Yorkshire ICB,1,76,68,89.5
HX7,NHS West Yorkshire ICB,1,114,102,89.5
S14,NHS South Yorkshire ICB,1,105,94,89.5
SS14,NHS Mid and South Essex ICB,4,210,188,89.5
TS1,NHS North East and North Cumbria ICB,7,692,619,89.5
UB10,NHS North West London ICB,4,256,229,89.5
WA9,NHS Cheshire and Merseyside ICB,6,600,537,89.5
B45,Multiple regions,4,240,215,89.6
BH9,NHS Dorset ICB,3,338,303,89.6
BN41,NHS Sussex ICB,3,193,173,89.6
DL17,NHS North East and North Cumbria ICB,2,164,147,89.6
HA5,NHS North West London ICB,5,422,378,89.6
M23,NHS Greater Manchester ICB,6,431,386,89.6
OL11,NHS Greater Manchester ICB,8,685,614,89.6
RG2,"NHS Buckinghamshire, Oxfordshire and Berkshire West ICB",4,756,677,89.6
RG30,"NHS Buckinghamshire, Oxfordshire and Berkshire West ICB",3,548,491,89.6
BD22,NHS West Yorkshire ICB,1,759,681,89.7
L25,NHS Cheshire and Merseyside ICB,7,419,376,89.7
PE30,NHS Norfolk and Waveney ICB,4,610,547,89.7
SW18,NHS South West London ICB,6,794,712,89.7
TA6,NHS Somerset ICB,6,735,659,89.7
TF3,"NHS Shropshire, Telford and Wrekin ICB",3,961,862,89.7
BS4,"NHS Bristol, North Somerset and South Gloucestershire ICB",5,645,579,89.8
CT20,NHS Kent and Medway ICB,4,344,309,89.8
KT21,NHS Surrey Heartlands ICB,2,236,212,89.8
M26,NHS Greater Manchester ICB,3,235,211,89.8
S80,Multiple regions,4,403,362,89.8
SE22,NHS South East London ICB,6,490,440,89.8
SO18,NHS Hampshire and Isle of Wight ICB,1,186,167,89.8
WV14,NHS Black Country ICB,5,460,413,89.8
YO12,NHS Humber and North Yorkshire ICB,3,236,212,89.8
BN44,NHS Sussex ICB,1,79,71,89.9
CH41,NHS Cheshire and Merseyside ICB,7,575,517,89.9
CT3,NHS Kent and Medway ICB,2,158,142,89.9
DE15,NHS Staffordshire and Stoke-on-Trent ICB,3,228,205,89.9
FY1,NHS Lancashire and South Cumbria ICB,4,543,488,89.9
ME3,NHS Kent and Medway ICB,3,377,339,89.9
OL7,NHS Greater Manchester ICB,3,159,143,89.9
SG11,NHS Hertfordshire and West Essex ICB,1,199,179,89.9
SO16,NHS Hampshire and Isle of Wight ICB,6,731,657,89.9
TN15,NHS Kent and Medway ICB,1,119,107,89.9
B31,NHS Birmingham and Solihull ICB,7,974,877,90.0
B77,NHS Staffordshire and Stoke-on-Trent ICB,3,289,260,90.0
BL3,NHS Greater Manchester ICB,18,1135,1022,90.0
CV23,NHS Coventry and Warwickshire ICB,2,100,90,90.0
IP4,NHS Suffolk and North East Essex ICB,3,438,394,90.0
PO10,Multiple regions,2,221,199,90.0
RH10,NHS Sussex ICB,7,1133,1020,90.0
RH5,NHS Surrey Heartlands ICB,1,60,54,90.0
SK1,NHS Greater Manchester ICB,1,30,27,90.0
SN6,"NHS Bath and North East Somerset, Swindon and Wiltshire ICB",3,650,585,90.0
ST1,NHS Staffordshire and Stoke-on-Trent ICB,5,707,636,90.0
TQ4,NHS Devon ICB,2,231,208,90.0
B98,NHS Herefordshire and Worcestershire ICB,1,162,146,90.1
BL8,NHS Greater Manchester ICB,3,505,455,90.1
BN6,NHS Sussex ICB,1,172,155,90.1
BN8,NHS Sussex ICB,1,162,146,90.1
M27,NHS Greater Manchester ICB,4,453,408,90.1
ME15,NHS Kent and Medway ICB,4,818,737,90.1
MK17,"NHS Bedfordshire, Luton and Milton Keynes ICB",1,81,73,90.1
OX7,"NHS Buckinghamshire, Oxfordshire and Berkshire West ICB",3,212,191,90.1
PO36,NHS Hampshire and Isle of Wight ICB,1,161,145,90.1
SN1,"NHS Bath and North East Somerset, Swindon and Wiltshire ICB",3,395,356,90.1
TW2,NHS South West London ICB,5,191,172,90.1
NE8,NHS North East and North Cumbria ICB,8,610,550,90.2
NG22,NHS Nottingham and Nottinghamshire ICB,3,256,231,90.2
TR10,NHS Cornwall and the Isles of Scilly ICB,1,132,119,90.2
TS18,NHS North East and North Cumbria ICB,8,705,636,90.2
YO11,NHS Humber and North Yorkshire ICB,3,336,303,90.2
YO14,NHS Humber and North Yorkshire ICB,2,82,74,90.2
CH65,NHS Cheshire and Merseyside ICB,4,403,364,90.3
CV10,NHS Coventry and Warwickshire ICB,5,381,344,90.3
L31,NHS Cheshire and Merseyside ICB,4,248,224,90.3
L37,NHS Cheshire and Merseyside ICB,2,176,159,90.3
M38,NHS Greater Manchester ICB,1,62,56,90.3
TW16,NHS Surrey Heartlands ICB,1,176,159,90.3
B91,NHS Birmingham and Solihull ICB,1,480,434,90.4
BD18,NHS West Yorkshire ICB,2,415,375,90.4
BD5,NHS West Yorkshire ICB,3,249,225,90.4
BN2,NHS Sussex ICB,7,415,375,90.4
BR3,NHS South East London ICB,6,669,605,90.4
CM22,NHS Hertfordshire and West Essex ICB,1,52,47,90.4
CR3,NHS Surrey Heartlands ICB,1,125,113,90.4
GL1,NHS Gloucestershire ICB,6,1109,1003,90.4
LE4,"NHS Leicester, Leicestershire and Rutland ICB",12,907,820,90.4
M35,NHS Greater Manchester ICB,2,251,227,90.4
PO38,NHS Hampshire and Isle of Wight ICB,1,52,47,90.4
ST16,NHS Staffordshire and Stoke-on-Trent ICB,4,450,407,90.4
TN32,NHS Sussex ICB,1,52,47,90.4
TR2,NHS Cornwall and the Isles of Scilly ICB,2,73,66,90.4
WN7,NHS Greater Manchester ICB,10,636,575,90.4
WV4,NHS Black Country ICB,2,387,350,90.4
BB1,NHS Lancashire and South Cumbria ICB,11,1179,1067,90.5
BN1,NHS Sussex ICB,15,802,726,90.5
CH62,NHS Cheshire and Merseyside ICB,3,295,267,90.5
LS27,NHS West Yorkshire ICB,4,421,381,90.5
NN13,NHS Northamptonshire ICB,2,273,247,90.5
OL13,NHS Lancashire and South Cumbria ICB,1,147,133,90.5
PE5,NHS Cambridgeshire and Peterborough ICB,1,21,19,90.5
TN11,NHS Kent and Medway ICB,2,147,133,90.5
TN12,NHS Kent and Medway ICB,4,380,344,90.5
WA10,NHS Cheshire and Merseyside ICB,11,537,486,90.5
YO1,NHS Humber and North Yorkshire ICB,1,190,172,90.5
BB8,NHS Lancashire and South Cumbria ICB,2,180,163,90.6
BH4,NHS Dorset ICB,1,149,135,90.6
BH7,NHS Dorset ICB,1,53,48,90.6
CH1,NHS Cheshire and Merseyside ICB,7,403,365,90.6
CM17,NHS Hertfordshire and West Essex ICB,2,340,308,90.6
CV3,NHS Coventry and Warwickshire ICB,10,791,717,90.6
DY2,NHS Black Country ICB,5,319,289,90.6
HP3,NHS Hertfordshire and West Essex ICB,3,477,432,90.6
IP18,NHS Norfolk and Waveney ICB,1,32,29,90.6
IP2,NHS Suffolk and North East Essex ICB,1,117,106,90.6
L18,NHS Cheshire and Merseyside ICB,4,202,183,90.6
MK14,"NHS Bedfordshire, Luton and Milton Keynes ICB",2,160,145,90.6
PE12,NHS Lincolnshire ICB,4,329,298,90.6
RG1,"NHS Buckinghamshire, Oxfordshire and Berkshire West ICB",7,682,618,90.6
TR1,NHS Cornwall and the Isles of Scilly ICB,2,339,307,90.6
TS9,NHS Humber and North Yorkshire ICB,2,117,106,90.6
TW20,Multiple regions,2,213,193,90.6
B94,NHS Coventry and Warwickshire ICB,2,54,49,90.7
CO6,NHS Mid and South Essex ICB,2,129,117,90.7
DE13,NHS Staffordshire and Stoke-on-Trent ICB,6,571,518,90.7
DH5,NHS North East and North Cumbria ICB,1,97,88,90.7
IP9,NHS Suffolk and North East Essex ICB,1,54,49,90.7
KT8,NHS Surrey Heartlands ICB,2,215,195,90.7
M19,NHS Greater Manchester ICB,4,388,352,90.7
ME10,NHS Kent and Medway ICB,7,724,657,90.7
NG25,NHS Nottingham and Nottinghamshire ICB,1,75,68,90.7
S65,NHS South Yorkshire ICB,5,561,509,90.7
SL1,Multiple regions,9,1538,1395,90.7
TA12,NHS Somerset ICB,1,75,68,90.7
TN14,NHS Kent and Medway ICB,1,97,88,90.7
BN22,NHS Sussex ICB,3,306,278,90.8
BS35,"NHS Bristol, North Somerset and South Gloucestershire ICB",4,249,226,90.8
CM12,NHS Mid and South Essex ICB,5,346,314,90.8
M25,NHS Greater Manchester ICB,6,512,465,90.8
N6,NHS North Central London ICB,1,120,109,90.8
S17,NHS South Yorkshire ICB,1,142,129,90.8
TF7,"NHS Shropshire, Telford and Wrekin ICB",2,174,158,90.8
TN39,NHS Sussex ICB,3,358,325,90.8
TS20,NHS North East and North Cumbria ICB,1,119,108,90.8
TW19,NHS Surrey Heartlands ICB,1,174,158,90.8
AL7,NHS Hertfordshire and West Essex ICB,3,474,431,90.9
BB18,NHS Lancashire and South Cumbria ICB,2,252,229,90.9
BN43,NHS Sussex ICB,1,285,259,90.9
CB4,NHS Cambridgeshire and Peterborough ICB,3,341,310,90.9
CV4,NHS Coventry and Warwickshire ICB,4,275,250,90.9
CW11,NHS Cheshire and Merseyside ICB,1,287,261,90.9
GL51,NHS Gloucestershire ICB,1,77,70,90.9
HU13,NHS Humber and North Yorkshire ICB,1,22,20,90.9
LA1,NHS Lancashire and South Cumbria ICB,2,538,489,90.9
NG20,Multiple regions,2,253,230,90.9
NR23,NHS Norfolk and Waveney ICB,1,22,20,90.9
TA4,NHS Somerset ICB,3,175,159,90.9
TN27,NHS Kent and Medway ICB,1,99,90,90.9
TQ3,NHS Devon ICB,2,230,209,90.9
WS3,NHS Black Country ICB,11,661,601,90.9
CM14,NHS Mid and South Essex ICB,1,155,141,91.0
CT10,NHS Kent and Medway ICB,3,145,132,91.0
CT6,NHS Kent and Medway ICB,2,335,305,91.0
EN11,NHS Hertfordshire and West Essex ICB,3,290,264,91.0
M5,NHS Greater Manchester ICB,2,145,132,91.0
ME17,NHS Kent and Medway ICB,4,534,486,91.0
MK2,"NHS Bedfordshire, Luton and Milton Keynes ICB",3,422,384,91.0
NG19,NHS Nottingham and Nottinghamshire ICB,4,521,474,91.0
PO31,NHS Hampshire and Isle of Wight ICB,1,122,111,91.0
RG42,NHS Frimley ICB,1,144,131,91.0
SG3,NHS Hertfordshire and West Essex ICB,1,133,121,91.0
SO21,NHS Hampshire and Isle of Wight ICB,2,134,122,91.0
SO23,NHS Hampshire and Isle of Wight ICB,1,100,91,91.0
TW1,Multiple regions,6,479,436,91.0
WA2,NHS Cheshire and Merseyside ICB,6,422,384,91.0
CM24,NHS Hertfordshire and West Essex ICB,1,202,184,91.1
CT17,NHS Kent and Medway ICB,1,90,82,91.1
DY5,NHS Black Country ICB,6,439,400,91.1
E1W,NHS North East London ICB,2,101,92,91.1
HP20,"NHS Buckinghamshire, Oxfordshire and Berkshire West ICB",2,350,319,91.1
KT1,NHS South West London ICB,1,45,41,91.1
ME5,NHS Kent and Medway ICB,5,754,687,91.1
NE5,NHS North East and North Cumbria ICB,4,404,368,91.1
OL5,NHS Greater Manchester ICB,3,135,123,91.1
SK9,NHS Cheshire and Merseyside ICB,4,395,360,91.1
SN2,"NHS Bath and North East Somerset, Swindon and Wiltshire ICB",1,123,112,91.1
TN6,NHS Sussex ICB,3,246,224,91.1
WF9,NHS West Yorkshire ICB,4,527,480,91.1
BA22,NHS Somerset ICB,2,57,52,91.2
CM7,NHS Mid and South Essex ICB,5,602,549,91.2
DL7,Multiple regions,3,272,248,91.2
DN36,NHS Lincolnshire ICB,1,68,62,91.2
HP18,"NHS Buckinghamshire, Oxfordshire and Berkshire West ICB",2,477,435,91.2
L34,NHS Cheshire and Merseyside ICB,2,171,156,91.2
LU6,Multiple regions,3,216,197,91.2
ME20,NHS Kent and Medway ICB,2,228,208,91.2
PO1,NHS Hampshire and Isle of Wight ICB,2,501,457,91.2
PO19,NHS Sussex ICB,4,407,371,91.2
PR25,NHS Lancashire and South Cumbria ICB,4,295,269,91.2
RM11,NHS North East London ICB,4,260,237,91.2
TR27,NHS Cornwall and the Isles of Scilly ICB,1,102,93,91.2
BL4,NHS Greater Manchester ICB,4,416,380,91.3
CT11,NHS Kent and Medway ICB,3,356,325,91.3
CV21,NHS Coventry and Warwickshire ICB,8,1000,913,91.3
EX21,NHS Devon ICB,1,23,21,91.3
HX3,NHS West Yorkshire ICB,2,207,189,91.3
ME12,NHS Kent and Medway ICB,5,530,484,91.3
MK41,"NHS Bedfordshire, Luton and Milton Keynes ICB",2,206,188,91.3
OL14,NHS West Yorkshire ICB,1,127,116,91.3
SW20,NHS South West London ICB,3,574,524,91.3
TN17,NHS Kent and Medway ICB,3,103,94,91.3
WD4,NHS Hertfordshire and West Essex ICB,2,184,168,91.3
B90,NHS Birmingham and Solihull ICB,3,476,435,91.4
BN25,NHS Sussex ICB,2,139,127,91.4
CH45,NHS Cheshire and Merseyside ICB,5,257,235,91.4
CM21,NHS Hertfordshire and West Essex ICB,1,140,128,91.4
MK13,"NHS Bedfordshire, Luton and Milton Keynes ICB",1,185,169,91.4
PO7,NHS Hampshire and Isle of Wight ICB,2,315,288,91.4
TF12,"NHS Shropshire, Telford and Wrekin ICB",1,35,32,91.4
TN4,NHS Kent and Medway ICB,3,338,309,91.4
WS12,NHS Staffordshire and Stoke-on-Trent ICB,4,302,276,91.4
WS13,NHS Staffordshire and Stoke-on-Trent ICB,2,418,382,91.4
B75,NHS Birmingham and Solihull ICB,1,460,421,91.5
BD12,NHS West Yorkshire ICB,2,258,236,91.5
BH14,NHS Dorset ICB,2,517,473,91.5
BH31,NHS Dorset ICB,1,59,54,91.5
BN7,NHS Sussex ICB,1,176,161,91.5
DN10,Multiple regions,2,59,54,91.5
EX3,NHS Devon ICB,1,106,97,91.5
IP27,NHS Suffolk and North East Essex ICB,3,141,129,91.5
KT11,NHS Surrey Heartlands ICB,1,94,86,91.5
LN9,NHS Lincolnshire ICB,1,94,86,91.5
NR2,NHS Norfolk and Waveney ICB,3,223,204,91.5
PO5,NHS Hampshire and Isle of Wight ICB,3,446,408,91.5
SL7,"NHS Buckinghamshire, Oxfordshire and Berkshire West ICB",1,211,193,91.5
SY7,"NHS Shropshire, Telford and Wrekin ICB",2,47,43,91.5
TN18,NHS Kent and Medway ICB,1,94,86,91.5
TN24,NHS Kent and Medway ICB,3,849,777,91.5
BS16,"NHS Bristol, North Somerset and South Gloucestershire ICB",6,860,788,91.6
CT1,NHS Kent and Medway ICB,3,358,328,91.6
HP11,"NHS Buckinghamshire, Oxfordshire and Berkshire West ICB",3,371,340,91.6
HU9,NHS Humber and North Yorkshire ICB,4,735,673,91.6
OX2,"NHS Buckinghamshire, Oxfordshire and Berkshire West ICB",4,237,217,91.6
PL31,NHS Cornwall and the Isles of Scilly ICB,1,215,197,91.6
PR2,NHS Lancashire and South Cumbria ICB,7,871,798,91.6
SN11,"NHS Bath and North East Somerset, Swindon and Wiltshire ICB",2,263,241,91.6
TN2,NHS Kent and Medway ICB,3,275,252,91.6
TW18,NHS Surrey Heartlands ICB,3,299,274,91.6
WS8,NHS Black Country ICB,3,131,120,91.6
BH12,NHS Dorset ICB,2,156,143,91.7
BS23,"NHS Bristol, North Somerset and South Gloucestershire ICB",4,470,431,91.7
CH64,NHS Cheshire and Merseyside ICB,3,145,133,91.7
DE24,NHS Derby and Derbyshire ICB,2,204,187,91.7
DN22,NHS Nottingham and Nottinghamshire ICB,4,505,463,91.7
EX31,NHS Devon ICB,1,48,44,91.7
EX34,NHS Devon ICB,1,120,110,91.7
KT23,NHS Surrey Heartlands ICB,2,132,121,91.7
ME19,NHS Kent and Medway ICB,1,229,210,91.7
MK4,"NHS Bedfordshire, Luton and Milton Keynes ICB",1,144,132,91.7
NR11,NHS Norfolk and Waveney ICB,3,120,110,91.7
PL8,NHS Devon ICB,1,36,33,91.7
SM5,NHS South West London ICB,4,398,365,91.7
SP1,"NHS Bath and North East Somerset, Swindon and Wiltshire ICB",2,351,322,91.7
SS1,NHS Mid and South Essex ICB,5,563,516,91.7
ST17,NHS Staffordshire and Stoke-on-Trent ICB,3,398,365,91.7
SY10,"NHS Shropshire, Telford and Wrekin ICB",1,36,33,91.7
TN23,NHS Kent and Medway ICB,1,132,121,91.7
TR14,NHS Cornwall and the Isles of Scilly ICB,2,144,132,91.7
TS6,NHS North East and North Cumbria ICB,3,480,440,91.7
WF15,NHS West Yorkshire ICB,1,48,44,91.7
WN8,NHS Lancashire and South Cumbria ICB,7,551,505,91.7
BA14,"NHS Bath and North East Somerset, Swindon and Wiltshire ICB",2,451,414,91.8
BS13,"NHS Bristol, North Somerset and South Gloucestershire ICB",4,465,427,91.8
BS3,"NHS Bristol, North Somerset and South Gloucestershire ICB",2,462,424,91.8
CM3,NHS Mid and South Essex ICB,6,818,751,91.8
CV9,NHS Coventry and Warwickshire ICB,2,256,235,91.8
GU16,NHS Frimley ICB,2,353,324,91.8
HA4,NHS North West London ICB,10,601,552,91.8
HP22,Multiple regions,2,343,315,91.8
LN6,NHS Lincolnshire ICB,4,452,415,91.8
OX17,"NHS Buckinghamshire, Oxfordshire and Berkshire West ICB",1,49,45,91.8
PE26,NHS Cambridgeshire and Peterborough ICB,1,73,67,91.8
RH1,NHS Surrey Heartlands ICB,4,646,593,91.8
SS4,NHS Mid and South Essex ICB,3,342,314,91.8
ST3,NHS Staffordshire and Stoke-on-Trent ICB,10,808,742,91.8
SW14,NHS South West London ICB,2,257,236,91.8
TA7,NHS Somerset ICB,1,97,89,91.8
TN13,NHS Kent and Medway ICB,4,364,334,91.8
WS2,NHS Black Country ICB,7,696,639,91.8
B97,NHS Herefordshire and Worcestershire ICB,7,701,644,91.9
BH15,NHS Dorset ICB,3,434,399,91.9
CV37,NHS Coventry and Warwickshire ICB,4,395,363,91.9
DA6,NHS South East London ICB,1,135,124,91.9
DL1,NHS North East and North Cumbria ICB,4,406,373,91.9
L39,NHS Lancashire and South Cumbria ICB,4,234,215,91.9
LA11,NHS Lancashire and South Cumbria ICB,2,74,68,91.9
M21,NHS Greater Manchester ICB,3,285,262,91.9
MK43,"NHS Bedfordshire, Luton and Milton Keynes ICB",3,480,441,91.9
NG17,NHS Nottingham and Nottinghamshire ICB,10,790,726,91.9
PE25,NHS Lincolnshire ICB,2,258,237,91.9
PO30,NHS Hampshire and Isle of Wight ICB,2,283,260,91.9
SS15,NHS Mid and South Essex ICB,3,407,374,91.9
WN1,NHS Greater Manchester ICB,4,236,217,91.9
B46,NHS Coventry and Warwickshire ICB,2,125,115,92.0
BH25,NHS Hampshire and Isle of Wight ICB,1,162,149,92.0
CH49,NHS Cheshire and Merseyside ICB,4,313,288,92.0
CW1,NHS Cheshire and Merseyside ICB,5,830,764,92.0
DL10,NHS Humber and North Yorkshire ICB,4,125,115,92.0
GU21,NHS Surrey Heartlands ICB,3,249,229,92.0
HD6,NHS West Yorkshire ICB,4,213,196,92.0
HX5,NHS West Yorkshire ICB,1,112,103,92.0
NN16,NHS Northamptonshire ICB,3,623,573,92.0
PE16,NHS Cambridgeshire and Peterborough ICB,1,113,104,92.0
PE3,NHS Cambridgeshire and Peterborough ICB,4,361,332,92.0
PE33,NHS Norfolk and Waveney ICB,2,88,81,92.0
RG31,"NHS Buckinghamshire, Oxfordshire and Berkshire West ICB",2,176,162,92.0
SO15,NHS Hampshire and Isle of Wight ICB,7,628,578,92.0
TA2,NHS Somerset ICB,2,163,150,92.0
YO17,NHS Humber and North Yorkshire ICB,2,199,183,92.0
BN10,NHS Sussex ICB,1,151,139,92.1
CM1,NHS Mid and South Essex ICB,4,687,633,92.1
DN7,NHS South Yorkshire ICB,3,278,256,92.1
HG1,NHS Humber and North Yorkshire ICB,4,453,417,92.1
IP3,NHS Suffolk and North East Essex ICB,3,356,328,92.1
KT16,NHS Surrey Heartlands ICB,2,340,313,92.1
ME2,NHS Kent and Medway ICB,4,316,291,92.1
NR5,NHS Norfolk and Waveney ICB,4,471,434,92.1
PE22,NHS Lincolnshire ICB,2,63,58,92.1
PL1,NHS Devon ICB,4,267,246,92.1
PL26,NHS Cornwall and the Isles of Scilly ICB,3,189,174,92.1
PO9,NHS Hampshire and Isle of Wight ICB,4,571,526,92.1
PR9,NHS Cheshire and Merseyside ICB,5,315,290,92.1
SG14,NHS Hertfordshire and West Essex ICB,3,328,302,92.1
SY11,"NHS Shropshire, Telford and Wrekin ICB",3,315,290,92.1
TR7,NHS Cornwall and the Isles of Scilly ICB,2,290,267,92.1
WA7,NHS Cheshire and Merseyside ICB,6,655,603,92.1
WR12,NHS Herefordshire and Worcestershire ICB,1,38,35,92.1
BL0,NHS Greater Manchester ICB,2,103,95,92.2
BN3,NHS Sussex ICB,5,644,594,92.2
CO7,NHS Suffolk and North East Essex ICB,5,386,356,92.2
DA15,NHS South East London ICB,2,244,225,92.2
DE12,"NHS Leicester, Leicestershire and Rutland ICB",1,128,118,92.2
FY5,NHS Lancashire and South Cumbria ICB,5,270,249,92.2
KT6,NHS South West London ICB,6,437,403,92.2
LE16,"NHS Leicester, Leicestershire and Rutland ICB",1,269,248,92.2
ME18,NHS Kent and Medway ICB,2,180,166,92.2
NG2,NHS Nottingham and Nottinghamshire ICB,8,691,637,92.2
NG9,NHS Nottingham and Nottinghamshire ICB,8,604,557,92.2
NR32,NHS Norfolk and Waveney ICB,3,320,295,92.2
OX26,"NHS Buckinghamshire, Oxfordshire and Berkshire West ICB",3,643,593,92.2
PL11,NHS Cornwall and the Isles of Scilly ICB,1,64,59,92.2
SG1,NHS Hertfordshire and West Essex ICB,4,951,877,92.2
SN5,"NHS Bath and North East Somerset, Swindon and Wiltshire ICB",4,358,330,92.2
SO19,NHS Hampshire and Isle of Wight ICB,5,1007,928,92.2
SW12,NHS South West London ICB,4,308,284,92.2
SY1,"NHS Shropshire, Telford and Wrekin ICB",3,335,309,92.2
TF5,"NHS Shropshire, Telford and Wrekin ICB",1,166,153,92.2
TN8,NHS Kent and Medway ICB,1,153,141,92.2
WD5,NHS Hertfordshire and West Essex ICB,2,128,118,92.2
B50,NHS Coventry and Warwickshire ICB,1,104,96,92.3
B72,NHS Birmingham and Solihull ICB,2,209,193,92.3
CM2,NHS Mid and South Essex ICB,5,634,585,92.3
CV11,NHS Coventry and Warwickshire ICB,8,662,611,92.3
DN31,NHS Humber and North Yorkshire ICB,6,297,274,92.3
EX39,NHS Devon ICB,4,323,298,92.3
FY3,NHS Lancashire and South Cumbria ICB,3,312,288,92.3
GL2,NHS Gloucestershire ICB,3,259,239,92.3
GU23,NHS Surrey Heartlands ICB,1,91,84,92.3
LS16,NHS West Yorkshire ICB,2,366,338,92.3
LS28,NHS West Yorkshire ICB,5,483,446,92.3
M28,NHS Greater Manchester ICB,9,703,649,92.3
MK3,"NHS Bedfordshire, Luton and Milton Keynes ICB",2,298,275,92.3
PL20,NHS Devon ICB,1,39,36,92.3
PL25,NHS Cornwall and the Isles of Scilly ICB,1,274,253,92.3
TQ13,NHS Devon ICB,4,183,169,92.3
TQ2,NHS Devon ICB,2,183,169,92.3
YO8,NHS Humber and North Yorkshire ICB,3,456,421,92.3
B63,NHS Black Country ICB,4,223,206,92.4
CB24,NHS Cambridgeshire and Peterborough ICB,6,408,377,92.4
CO1,NHS Suffolk and North East Essex ICB,2,490,453,92.4
CO16,NHS Suffolk and North East Essex ICB,1,66,61,92.4
CT12,NHS Kent and Medway ICB,3,185,171,92.4
FY7,NHS Lancashire and South Cumbria ICB,3,236,218,92.4
GL5,NHS Gloucestershire ICB,3,250,231,92.4
NN10,NHS Northamptonshire ICB,4,407,376,92.4
OX4,"NHS Buckinghamshire, Oxfordshire and Berkshire West ICB",7,786,726,92.4
SE3,NHS South East London ICB,3,301,278,92.4
TA9,NHS Somerset ICB,2,131,121,92.4
TF2,"NHS Shropshire, Telford and Wrekin ICB",2,303,280,92.4
WA1,NHS Cheshire and Merseyside ICB,7,423,391,92.4
B62,NHS Black Country ICB,3,255,236,92.5
BH17,NHS Dorset ICB,2,187,173,92.5
BH21,NHS Dorset ICB,3,293,271,92.5
BS26,NHS Somerset ICB,1,53,49,92.5
CO10,NHS Suffolk and North East Essex ICB,4,359,332,92.5
DN5,NHS South Yorkshire ICB,6,416,385,92.5
DY3,NHS Black Country ICB,6,468,433,92.5
ME16,NHS Kent and Medway ICB,3,322,298,92.5
NG31,NHS Lincolnshire ICB,5,468,433,92.5
NR3,NHS Norfolk and Waveney ICB,6,531,491,92.5
OX16,"NHS Buckinghamshire, Oxfordshire and Berkshire West ICB",4,796,736,92.5
S44,NHS Derby and Derbyshire ICB,3,187,173,92.5
S75,NHS South Yorkshire ICB,3,308,285,92.5
SM3,NHS South West London ICB,4,334,309,92.5
SP11,"NHS Bath and North East Somerset, Swindon and Wiltshire ICB",1,227,210,92.5
ST4,NHS Staffordshire and Stoke-on-Trent ICB,7,442,409,92.5
WR10,NHS Herefordshire and Worcestershire ICB,2,174,161,92.5
YO10,NHS Humber and North Yorkshire ICB,1,40,37,92.5
B49,NHS Coventry and Warwickshire ICB,2,95,88,92.6
CA1,NHS North East and North Cumbria ICB,4,692,641,92.6
CB5,NHS Cambridgeshire and Peterborough ICB,1,68,63,92.6
EX13,NHS Devon ICB,1,95,88,92.6
GU3,NHS Surrey Heartlands ICB,1,121,112,92.6
HU11,NHS Humber and North Yorkshire ICB,1,27,25,92.6
KT3,NHS South West London ICB,4,349,323,92.6
LE17,"NHS Leicester, Leicestershire and Rutland ICB",3,204,189,92.6
LE18,"NHS Leicester, Leicestershire and Rutland ICB",3,351,325,92.6
NR20,NHS Norfolk and Waveney ICB,2,121,112,92.6
OL10,NHS Greater Manchester ICB,5,379,351,92.6
OL2,NHS Greater Manchester ICB,4,394,365,92.6
PL4,NHS Devon ICB,3,378,350,92.6
PR8,NHS Cheshire and Merseyside ICB,7,443,410,92.6
RG12,NHS Frimley ICB,7,1149,1064,92.6
SS3,NHS Mid and South Essex ICB,3,229,212,92.6
WA3,Multiple regions,8,475,440,92.6
BL7,NHS Greater Manchester ICB,2,109,101,92.7
BN26,NHS Sussex ICB,2,124,115,92.7
BS15,"NHS Bristol, North Somerset and South Gloucestershire ICB",3,441,409,92.7
CH60,NHS Cheshire and Merseyside ICB,1,177,164,92.7
DE22,NHS Derby and Derbyshire ICB,3,232,215,92.7
DN40,NHS Humber and North Yorkshire ICB,2,356,330,92.7
DT10,NHS Dorset ICB,1,205,190,92.7
DT7,NHS Dorset ICB,1,41,38,92.7
IP30,NHS Suffolk and North East Essex ICB,1,151,140,92.7
LN13,NHS Lincolnshire ICB,1,41,38,92.7
MK12,"NHS Bedfordshire, Luton and Milton Keynes ICB",1,193,179,92.7
OL1,NHS Greater Manchester ICB,7,424,393,92.7
OX29,"NHS Buckinghamshire, Oxfordshire and Berkshire West ICB",1,151,140,92.7
RH6,NHS Surrey Heartlands ICB,2,454,421,92.7
SG2,NHS Hertfordshire and West Essex ICB,1,110,102,92.7
SN3,"NHS Bath and North East Somerset, Swindon and Wiltshire ICB",5,685,635,92.7
ST19,NHS Staffordshire and Stoke-on-Trent ICB,2,177,164,92.7
TW15,NHS Surrey Heartlands ICB,4,382,354,92.7
WR4,NHS Herefordshire and Worcestershire ICB,1,123,114,92.7
WS15,NHS Staffordshire and Stoke-on-Trent ICB,5,314,291,92.7
BD23,NHS West Yorkshire ICB,1,167,155,92.8
DE5,NHS Derby and Derbyshire ICB,2,139,129,92.8
DN12,NHS South Yorkshire ICB,5,305,283,92.8
PE29,NHS Cambridgeshire and Peterborough ICB,3,373,346,92.8
SN13,"NHS Bath and North East Somerset, Swindon and Wiltshire ICB",2,195,181,92.8
ST15,NHS Staffordshire and Stoke-on-Trent ICB,2,207,192,92.8
TA8,NHS Somerset ICB,1,83,77,92.8
TN9,NHS Kent and Medway ICB,2,345,320,92.8
WF1,NHS West Yorkshire ICB,6,802,744,92.8
WF16,NHS West Yorkshire ICB,3,249,231,92.8
BA2,"NHS Bath and North East Somerset, Swindon and Wiltshire ICB",8,704,654,92.9
BD13,NHS West Yorkshire ICB,1,211,196,92.9
BL5,NHS Greater Manchester ICB,2,239,222,92.9
BN23,NHS Sussex ICB,1,56,52,92.9
BR6,NHS South East London ICB,7,481,447,92.9
CH66,NHS Cheshire and Merseyside ICB,2,368,342,92.9
DE72,NHS Derby and Derbyshire ICB,1,98,91,92.9
DT2,NHS Dorset ICB,2,56,52,92.9
EX38,NHS Devon ICB,2,84,78,92.9
GU15,Multiple regions,4,406,377,92.9
HP17,"NHS Buckinghamshire, Oxfordshire and Berkshire West ICB",1,113,105,92.9
HU14,NHS Humber and North Yorkshire ICB,1,14,13,92.9
LA22,NHS Lancashire and South Cumbria ICB,1,28,26,92.9
NG33,NHS Lincolnshire ICB,3,85,79,92.9
S13,NHS South Yorkshire ICB,3,311,289,92.9
SG19,"NHS Bedfordshire, Luton and Milton Keynes ICB",2,254,236,92.9
SK8,NHS Greater Manchester ICB,7,608,565,92.9
SL5,NHS Frimley ICB,4,197,183,92.9
SP6,NHS Hampshire and Isle of Wight ICB,1,84,78,92.9
TN31,NHS Sussex ICB,3,127,118,92.9
TS24,NHS North East and North Cumbria ICB,6,551,512,92.9
WV13,NHS Black Country ICB,4,296,275,92.9
WV15,"NHS Shropshire, Telford and Wrekin ICB",1,14,13,92.9
B74,NHS Black Country ICB,1,43,40,93.0
BN24,NHS Sussex ICB,1,129,120,93.0
CO4,NHS Suffolk and North East Essex ICB,4,499,464,93.0
DT6,NHS Dorset ICB,1,142,132,93.0
EX4,NHS Devon ICB,4,384,357,93.0
GL50,NHS Gloucestershire ICB,7,659,613,93.0
GU22,NHS Surrey Heartlands ICB,6,682,634,93.0
HX2,NHS West Yorkshire ICB,3,299,278,93.0
NR30,NHS Norfolk and Waveney ICB,2,359,334,93.0
RG26,NHS Hampshire and Isle of Wight ICB,2,230,214,93.0
RH11,NHS Sussex ICB,6,676,629,93.0
SL4,NHS Frimley ICB,4,373,347,93.0
ST21,NHS Staffordshire and Stoke-on-Trent ICB,1,71,66,93.0
BS8,"NHS Bristol, North Somerset and South Gloucestershire ICB",2,173,161,93.1
CM8,NHS Mid and South Essex ICB,5,464,432,93.1
HD3,NHS West Yorkshire ICB,4,275,256,93.1
LN11,NHS Lincolnshire ICB,3,233,217,93.1
LN4,NHS Lincolnshire ICB,6,318,296,93.1
ME8,NHS Kent and Medway ICB,9,378,352,93.1
MK6,"NHS Bedfordshire, Luton and Milton Keynes ICB",3,231,215,93.1
PL15,NHS Cornwall and the Isles of Scilly ICB,1,173,161,93.1
PO2,NHS Hampshire and Isle of Wight ICB,2,845,787,93.1
RG27,NHS Hampshire and Isle of Wight ICB,1,145,135,93.1
RM14,NHS North East London ICB,3,218,203,93.1
SM7,NHS Surrey Heartlands ICB,2,144,134,93.1
UB9,Multiple regions,2,202,188,93.1
WF8,NHS West Yorkshire ICB,3,349,325,93.1
B79,NHS Staffordshire and Stoke-on-Trent ICB,6,620,578,93.2
CB3,NHS Cambridgeshire and Peterborough ICB,2,161,150,93.2
CT13,NHS Kent and Medway ICB,1,88,82,93.2
CV36,NHS Coventry and Warwickshire ICB,1,88,82,93.2
FY6,NHS Lancashire and South Cumbria ICB,3,236,220,93.2
GL10,NHS Gloucestershire ICB,2,147,137,93.2
GL54,NHS Gloucestershire ICB,3,207,193,93.2
GU8,NHS Surrey Heartlands ICB,3,192,179,93.2
HP12,"NHS Buckinghamshire, Oxfordshire and Berkshire West ICB",2,250,233,93.2
M30,NHS Greater Manchester ICB,3,427,398,93.2
NE20,NHS North East and North Cumbria ICB,2,161,150,93.2
NN6,NHS Northamptonshire ICB,4,311,290,93.2
PE20,NHS Lincolnshire ICB,3,161,150,93.2
PE27,NHS Cambridgeshire and Peterborough ICB,3,337,314,93.2
PE7,NHS Cambridgeshire and Peterborough ICB,3,556,518,93.2
SG12,NHS Hertfordshire and West Essex ICB,2,325,303,93.2
SG17,"NHS Bedfordshire, Luton and Milton Keynes ICB",1,219,204,93.2
SS12,NHS Mid and South Essex ICB,3,395,368,93.2
TQ1,NHS Devon ICB,3,296,276,93.2
WR11,NHS Herefordshire and Worcestershire ICB,4,365,340,93.2
AL1,NHS Hertfordshire and West Essex ICB,3,430,401,93.3
BN27,NHS Sussex ICB,4,388,362,93.3
CB10,NHS Hertfordshire and West Essex ICB,1,89,83,93.3
DL3,NHS North East and North Cumbria ICB,5,555,518,93.3
EX9,NHS Devon ICB,1,30,28,93.3
FY4,NHS Lancashire and South Cumbria ICB,5,432,403,93.3
KT12,NHS Surrey Heartlands ICB,6,490,457,93.3
M43,NHS Greater Manchester ICB,3,193,180,93.3
NG11,NHS Nottingham and Nottinghamshire ICB,4,314,293,93.3
NG15,NHS Nottingham and Nottinghamshire ICB,4,390,364,93.3
NN15,NHS Northamptonshire ICB,3,402,375,93.3
NR21,NHS Norfolk and Waveney ICB,1,105,98,93.3
NR35,NHS Norfolk and Waveney ICB,1,89,83,93.3
OL16,NHS Greater Manchester ICB,6,464,433,93.3
PE34,NHS Norfolk and Waveney ICB,1,75,70,93.3
PE37,NHS Norfolk and Waveney ICB,3,165,154,93.3
PO33,NHS Hampshire and Isle of Wight ICB,5,285,266,93.3
PO6,NHS Hampshire and Isle of Wight ICB,1,210,196,93.3
RH8,NHS Surrey Heartlands ICB,1,149,139,93.3
S62,NHS South Yorkshire ICB,3,163,152,93.3
TA1,NHS Somerset ICB,5,699,652,93.3
TN22,NHS Sussex ICB,3,269,251,93.3
TS17,NHS North East and North Cumbria ICB,3,433,404,93.3
WN2,NHS Greater Manchester ICB,5,406,379,93.3
YO16,NHS Humber and North Yorkshire ICB,1,225,210,93.3
YO21,NHS Humber and North Yorkshire ICB,2,120,112,93.3
BH23,Multiple regions,6,348,325,93.4
BN14,NHS Sussex ICB,3,408,381,93.4
BN5,NHS Sussex ICB,1,76,71,93.4
BS34,"NHS Bristol, North Somerset and South Gloucestershire ICB",2,377,352,93.4
BS36,"NHS Bristol, North Somerset and South Gloucestershire ICB",1,122,114,93.4
CV32,NHS Coventry and Warwickshire ICB,3,272,254,93.4
DT9,Multiple regions,4,227,212,93.4
GU2,NHS Surrey Heartlands ICB,2,303,283,93.4
GU5,NHS Surrey Heartlands ICB,2,121,113,93.4
IP31,NHS Suffolk and North East Essex ICB,2,121,113,93.4
KT18,NHS Surrey Heartlands ICB,2,167,156,93.4
LE10,"NHS Leicester, Leicestershire and Rutland ICB",5,473,442,93.4
LE11,"NHS Leicester, Leicestershire and Rutland ICB",7,513,479,93.4
LU7,Multiple regions,5,876,818,93.4
NN18,NHS Northamptonshire ICB,2,441,412,93.4
PE14,NHS Norfolk and Waveney ICB,2,136,127,93.4
SY12,"NHS Shropshire, Telford and Wrekin ICB",1,151,141,93.4
TD15,NHS North East and North Cumbria ICB,2,122,114,93.4
WD7,NHS Hertfordshire and West Essex ICB,1,166,155,93.4
WN5,Multiple regions,5,350,327,93.4
B67,NHS Black Country ICB,3,247,231,93.5
BA4,NHS Somerset ICB,2,153,143,93.5
BS37,"NHS Bristol, North Somerset and South Gloucestershire ICB",4,496,464,93.5
CT4,NHS Kent and Medway ICB,3,356,333,93.5
DH3,NHS North East and North Cumbria ICB,4,275,257,93.5
DN32,NHS Humber and North Yorkshire ICB,3,93,87,93.5
DY13,NHS Herefordshire and Worcestershire ICB,1,169,158,93.5
DY14,"NHS Shropshire, Telford and Wrekin ICB",1,31,29,93.5
EX18,NHS Devon ICB,1,46,43,93.5
GU24,Multiple regions,3,169,158,93.5
HP10,"NHS Buckinghamshire, Oxfordshire and Berkshire West ICB",2,231,216,93.5
HP4,NHS Hertfordshire and West Essex ICB,2,169,158,93.5
KT19,NHS Surrey Heartlands ICB,1,139,130,93.5
NR8,NHS Norfolk and Waveney ICB,2,230,215,93.5
RG21,NHS Hampshire and Isle of Wight ICB,2,523,489,93.5
RH14,NHS Sussex ICB,2,201,188,93.5
S61,NHS South Yorkshire ICB,4,279,261,93.5
SK2,NHS Greater Manchester ICB,2,170,159,93.5
SS5,NHS Mid and South Essex ICB,3,231,216,93.5
TN30,NHS Kent and Medway ICB,1,107,100,93.5
WF14,NHS West Yorkshire ICB,1,123,115,93.5
WR15,NHS Herefordshire and Worcestershire ICB,1,62,58,93.5
WV5,NHS Staffordshire and Stoke-on-Trent ICB,3,153,143,93.5
B30,NHS Birmingham and Solihull ICB,2,188,176,93.6
BA1,"NHS Bath and North East Somerset, Swindon and Wiltshire ICB",3,203,190,93.6
BH20,NHS Dorset ICB,5,187,175,93.6
BS25,"NHS Bristol, North Somerset and South Gloucestershire ICB",1,94,88,93.6
DN20,Multiple regions,3,234,219,93.6
DN3,NHS South Yorkshire ICB,2,250,234,93.6
HR2,NHS Herefordshire and Worcestershire ICB,4,251,235,93.6
L17,NHS Cheshire and Merseyside ICB,4,220,206,93.6
RG4,"NHS Buckinghamshire, Oxfordshire and Berkshire West ICB",3,330,309,93.6
S20,NHS South Yorkshire ICB,4,299,280,93.6
S8,NHS South Yorkshire ICB,6,610,571,93.6
ST5,NHS Staffordshire and Stoke-on-Trent ICB,11,888,831,93.6
TR11,NHS Cornwall and the Isles of Scilly ICB,3,220,206,93.6
TS23,NHS North East and North Cumbria ICB,6,393,368,93.6
WA15,NHS Greater Manchester ICB,6,298,279,93.6
WF3,NHS West Yorkshire ICB,3,297,278,93.6
WR1,NHS Herefordshire and Worcestershire ICB,3,326,305,93.6
CB1,NHS Cambridgeshire and Peterborough ICB,6,447,419,93.7
CT14,NHS Kent and Medway ICB,4,269,252,93.7
CW7,NHS Cheshire and Merseyside ICB,5,444,416,93.7
DN14,NHS Humber and North Yorkshire ICB,4,426,399,93.7
GU4,NHS Surrey Heartlands ICB,1,79,74,93.7
HR6,NHS Herefordshire and Worcestershire ICB,2,207,194,93.7
IG5,NHS North East London ICB,2,142,133,93.7
NE6,NHS North East and North Cumbria ICB,6,511,479,93.7
NE66,NHS North East and North Cumbria ICB,1,127,119,93.7
PE4,NHS Cambridgeshire and Peterborough ICB,1,126,118,93.7
RG22,NHS Hampshire and Isle of Wight ICB,1,508,476,93.7
RH17,NHS Sussex ICB,2,287,269,93.7
WF10,NHS West Yorkshire ICB,5,460,431,93.7
WV12,NHS Black Country ICB,2,143,134,93.7
YO24,NHS Humber and North Yorkshire ICB,4,951,891,93.7
BH19,NHS Dorset ICB,1,48,45,93.8
CM23,NHS Hertfordshire and West Essex ICB,3,448,420,93.8
DL11,NHS Humber and North Yorkshire ICB,2,32,30,93.8
DT1,NHS Dorset ICB,5,259,243,93.8
DY12,NHS Herefordshire and Worcestershire ICB,1,97,91,93.8
DY9,Multiple regions,6,485,455,93.8
HG3,NHS Humber and North Yorkshire ICB,1,81,76,93.8
HP14,"NHS Buckinghamshire, Oxfordshire and Berkshire West ICB",2,194,182,93.8
HU18,NHS Humber and North Yorkshire ICB,1,65,61,93.8
ME1,NHS Kent and Medway ICB,4,389,365,93.8
MK7,"NHS Bedfordshire, Luton and Milton Keynes ICB",1,192,180,93.8
NE63,NHS North East and North Cumbria ICB,1,176,165,93.8
PR5,NHS Lancashire and South Cumbria ICB,5,321,301,93.8
SK4,NHS Greater Manchester ICB,3,773,725,93.8
SP9,National Commissioning Hub 1,1,64,60,93.8
SR2,NHS North East and North Cumbria ICB,4,325,305,93.8
SS9,NHS Mid and South Essex ICB,6,533,500,93.8
BH10,NHS Dorset ICB,2,229,215,93.9
BN21,NHS Sussex ICB,3,247,232,93.9
CB9,NHS Suffolk and North East Essex ICB,2,426,400,93.9
FY2,NHS Lancashire and South Cumbria ICB,2,213,200,93.9
GL16,NHS Gloucestershire ICB,1,98,92,93.9
GU27,NHS Surrey Heartlands ICB,1,147,138,93.9
GU35,NHS Hampshire and Isle of Wight ICB,2,247,232,93.9
KT4,Multiple regions,2,214,201,93.9
PE28,NHS Cambridgeshire and Peterborough ICB,4,361,339,93.9
RH4,NHS Surrey Heartlands ICB,2,228,214,93.9
SO20,NHS Hampshire and Isle of Wight ICB,1,98,92,93.9
SO50,NHS Hampshire and Isle of Wight ICB,5,605,568,93.9
TN5,NHS Sussex ICB,1,49,46,93.9
TS12,NHS North East and North Cumbria ICB,3,196,184,93.9
WD3,NHS Hertfordshire and West Essex ICB,4,330,310,93.9
WS4,NHS Black Country ICB,1,181,170,93.9
WS7,NHS Staffordshire and Stoke-on-Trent ICB,2,326,306,93.9
B47,NHS Herefordshire and Worcestershire ICB,2,134,126,94.0
B64,NHS Black Country ICB,3,233,219,94.0
BD24,NHS West Yorkshire ICB,1,50,47,94.0
BH18,NHS Dorset ICB,2,252,237,94.0
CH2,NHS Cheshire and Merseyside ICB,3,265,249,94.0
CT7,NHS Kent and Medway ICB,1,67,63,94.0
CV5,NHS Coventry and Warwickshire ICB,4,215,202,94.0
DN11,NHS South Yorkshire ICB,3,217,204,94.0
EX6,NHS Devon ICB,2,100,94,94.0
HP19,"NHS Buckinghamshire, Oxfordshire and Berkshire West ICB",1,168,158,94.0
HP5,"NHS Buckinghamshire, Oxfordshire and Berkshire West ICB",3,317,298,94.0
KT14,NHS Surrey Heartlands ICB,3,283,266,94.0
LE13,"NHS Leicester, Leicestershire and Rutland ICB",1,334,314,94.0
MK45,"NHS Bedfordshire, Luton and Milton Keynes ICB",4,420,395,94.0
NN12,NHS Northamptonshire ICB,2,232,218,94.0
NR25,NHS Norfolk and Waveney ICB,1,84,79,94.0
RG20,Multiple regions,2,284,267,94.0
RH16,NHS Sussex ICB,4,436,410,94.0
RH20,NHS Sussex ICB,2,167,157,94.0
S11,NHS South Yorkshire ICB,7,451,424,94.0
S6,NHS South Yorkshire ICB,8,670,630,94.0
SK15,NHS Greater Manchester ICB,5,285,268,94.0
SL6,NHS Frimley ICB,10,828,778,94.0
SN8,"NHS Bath and North East Somerset, Swindon and Wiltshire ICB",4,251,236,94.0
SR8,NHS North East and North Cumbria ICB,2,233,219,94.0
TA3,NHS Somerset ICB,2,84,79,94.0
TF9,Multiple regions,3,232,218,94.0
TQ12,NHS Devon ICB,6,498,468,94.0
BA13,"NHS Bath and North East Somerset, Swindon and Wiltshire ICB",1,237,223,94.1
BS40,Multiple regions,3,562,529,94.1
CT16,NHS Kent and Medway ICB,4,443,417,94.1
CW5,NHS Cheshire and Merseyside ICB,4,287,270,94.1
DE3,NHS Derby and Derbyshire ICB,2,204,192,94.1
DE74,Multiple regions,2,188,177,94.1
HD5,NHS West Yorkshire ICB,4,238,224,94.1
HP9,"NHS Buckinghamshire, Oxfordshire and Berkshire West ICB",2,272,256,94.1
LS22,NHS West Yorkshire ICB,3,203,191,94.1
LS25,Multiple regions,6,658,619,94.1
NR1,NHS Norfolk and Waveney ICB,3,337,317,94.1
PL27,NHS Cornwall and the Isles of Scilly ICB,1,51,48,94.1
PO3,NHS Hampshire and Isle of Wight ICB,2,169,159,94.1
PR7,NHS Lancashire and South Cumbria ICB,8,734,691,94.1
SG10,NHS Hertfordshire and West Essex ICB,1,51,48,94.1
SK13,NHS Greater Manchester ICB,4,289,272,94.1
SL9,"NHS Buckinghamshire, Oxfordshire and Berkshire West ICB",3,256,241,94.1
ST11,NHS Staffordshire and Stoke-on-Trent ICB,1,51,48,94.1
TF13,"NHS Shropshire, Telford and Wrekin ICB",1,34,32,94.1
TF4,"NHS Shropshire, Telford and Wrekin ICB",1,119,112,94.1
TQ6,NHS Devon ICB,1,51,48,94.1
CB7,NHS Cambridgeshire and Peterborough ICB,2,329,310,94.2
CM13,NHS Mid and South Essex ICB,1,120,113,94.2
EX16,NHS Devon ICB,4,276,260,94.2
GL52,NHS Gloucestershire ICB,5,535,504,94.2
GU14,NHS Frimley ICB,6,706,665,94.2
GU31,NHS Hampshire and Isle of Wight ICB,1,52,49,94.2
GU9,NHS Frimley ICB,2,226,213,94.2
HP23,NHS Hertfordshire and West Essex ICB,1,377,355,94.2
LA14,NHS Lancashire and South Cumbria ICB,7,445,419,94.2
LA18,NHS Lancashire and South Cumbria ICB,1,69,65,94.2
NN9,NHS Northamptonshire ICB,4,223,210,94.2
NR33,NHS Norfolk and Waveney ICB,5,382,360,94.2
OX49,"NHS Buckinghamshire, Oxfordshire and Berkshire West ICB",1,86,81,94.2
TA19,NHS Somerset ICB,3,138,130,94.2
TS25,NHS North East and North Cumbria ICB,3,274,258,94.2
WA12,NHS Cheshire and Merseyside ICB,3,326,307,94.2
YO51,NHS Humber and North Yorkshire ICB,1,121,114,94.2
BA3,Multiple regions,5,369,348,94.3
BN15,NHS Sussex ICB,3,263,248,94.3
CO2,NHS Suffolk and North East Essex ICB,2,476,449,94.3
DE21,NHS Derby and Derbyshire ICB,3,404,381,94.3
DL14,NHS North East and North Cumbria ICB,4,368,347,94.3
DN33,NHS Humber and North Yorkshire ICB,1,210,198,94.3
GL56,NHS Gloucestershire ICB,2,88,83,94.3
GL6,NHS Gloucestershire ICB,4,192,181,94.3
LE19,"NHS Leicester, Leicestershire and Rutland ICB",2,192,181,94.3
LS23,NHS West Yorkshire ICB,1,53,50,94.3
MK15,"NHS Bedfordshire, Luton and Milton Keynes ICB",1,87,82,94.3
NE15,NHS North East and North Cumbria ICB,3,244,230,94.3
NG21,NHS Nottingham and Nottinghamshire ICB,4,264,249,94.3
PO11,NHS Hampshire and Isle of Wight ICB,2,105,99,94.3
RG28,NHS Hampshire and Isle of Wight ICB,1,88,83,94.3
RG5,"NHS Buckinghamshire, Oxfordshire and Berkshire West ICB",2,246,232,94.3
RH15,NHS Sussex ICB,3,318,300,94.3
SO17,NHS Hampshire and Isle of Wight ICB,2,88,83,94.3
B96,NHS Herefordshire and Worcestershire ICB,1,36,34,94.4
BA10,NHS Somerset ICB,1,18,17,94.4
CM0,NHS Mid and South Essex ICB,3,180,170,94.4
CM9,NHS Mid and South Essex ICB,3,270,255,94.4
CT15,NHS Kent and Medway ICB,1,36,34,94.4
EX32,NHS Devon ICB,3,413,390,94.4
EX7,NHS Devon ICB,1,90,85,94.4
GL3,NHS Gloucestershire ICB,3,357,337,94.4
HG2,NHS Humber and North Yorkshire ICB,2,177,167,94.4
HR1,NHS Herefordshire and Worcestershire ICB,4,684,646,94.4
ME13,NHS Kent and Medway ICB,2,286,270,94.4
MK11,"NHS Bedfordshire, Luton and Milton Keynes ICB",2,360,340,94.4
MK44,"NHS Bedfordshire, Luton and Milton Keynes ICB",2,71,67,94.4
NE3,NHS North East and North Cumbria ICB,5,479,452,94.4
NE7,NHS North East and North Cumbria ICB,1,108,102,94.4
NR6,NHS Norfolk and Waveney ICB,2,180,170,94.4
PL21,NHS Devon ICB,1,36,34,94.4
PO13,NHS Hampshire and Isle of Wight ICB,3,268,253,94.4
PO20,NHS Sussex ICB,4,413,390,94.4
PR4,NHS Lancashire and South Cumbria ICB,6,378,357,94.4
S60,NHS South Yorkshire ICB,4,496,468,94.4
SR4,NHS North East and North Cumbria ICB,7,517,488,94.4
SS7,NHS Mid and South Essex ICB,7,410,387,94.4
ST2,NHS Staffordshire and Stoke-on-Trent ICB,3,213,201,94.4
SY6,"NHS Shropshire, Telford and Wrekin ICB",1,36,34,94.4
TA21,NHS Somerset ICB,2,216,204,94.4
WF11,NHS West Yorkshire ICB,1,144,136,94.4
WF6,NHS West Yorkshire ICB,3,234,221,94.4
YO41,NHS Humber and North Yorkshire ICB,1,36,34,94.4
BD19,NHS West Yorkshire ICB,3,218,206,94.5
BH24,NHS Hampshire and Isle of Wight ICB,2,165,156,94.5
CH4,NHS Cheshire and Merseyside ICB,2,165,156,94.5
DY11,NHS Herefordshire and Worcestershire ICB,3,310,293,94.5
GL4,NHS Gloucestershire ICB,1,200,189,94.5
IP25,NHS Norfolk and Waveney ICB,2,165,156,94.5
KT15,NHS Surrey Heartlands ICB,1,199,188,94.5
LN12,NHS Lincolnshire ICB,1,73,69,94.5
NR15,NHS Norfolk and Waveney ICB,1,91,86,94.5
PE15,NHS Cambridgeshire and Peterborough ICB,4,348,329,94.5
PO40,NHS Hampshire and Isle of Wight ICB,1,55,52,94.5
S43,NHS Derby and Derbyshire ICB,4,365,345,94.5
WN3,NHS Greater Manchester ICB,7,365,345,94.5
WS11,NHS Staffordshire and Stoke-on-Trent ICB,9,509,481,94.5
BA12,Multiple regions,3,223,211,94.6
BL6,NHS Greater Manchester ICB,2,240,227,94.6
BN18,NHS Sussex ICB,2,149,141,94.6
BS14,"NHS Bristol, North Somerset and South Gloucestershire ICB",2,295,279,94.6
CB8,NHS Suffolk and North East Essex ICB,4,368,348,94.6
CV35,NHS Coventry and Warwickshire ICB,3,242,229,94.6
DH6,NHS North East and North Cumbria ICB,5,315,298,94.6
DL5,NHS North East and North Cumbria ICB,3,367,347,94.6
DN9,NHS Humber and North Yorkshire ICB,1,92,87,94.6
EX15,NHS Devon ICB,3,242,229,94.6
HD9,NHS West Yorkshire ICB,4,298,282,94.6
HP7,"NHS Buckinghamshire, Oxfordshire and Berkshire West ICB",2,112,106,94.6
LE9,"NHS Leicester, Leicestershire and Rutland ICB",6,624,590,94.6
LN1,NHS Lincolnshire ICB,5,333,315,94.6
NE46,NHS North East and North Cumbria ICB,3,112,106,94.6
NG16,NHS Nottingham and Nottinghamshire ICB,6,426,403,94.6
PL14,NHS Cornwall and the Isles of Scilly ICB,2,204,193,94.6
RG6,"NHS Buckinghamshire, Oxfordshire and Berkshire West ICB",2,370,350,94.6
S70,NHS South Yorkshire ICB,7,652,617,94.6
SO30,NHS Hampshire and Isle of Wight ICB,1,240,227,94.6
SO41,NHS Hampshire and Isle of Wight ICB,2,130,123,94.6
SP8,NHS Dorset ICB,1,93,88,94.6
SY5,"NHS Shropshire, Telford and Wrekin ICB",2,92,87,94.6
WA13,NHS Cheshire and Merseyside ICB,2,147,139,94.6
BH22,NHS Dorset ICB,4,208,197,94.7
BS32,"NHS Bristol, North Somerset and South Gloucestershire ICB",2,225,213,94.7
DE75,NHS Derby and Derbyshire ICB,3,265,251,94.7
EX17,NHS Devon ICB,2,187,177,94.7
EX33,NHS Devon ICB,1,94,89,94.7
GU34,NHS Hampshire and Isle of Wight ICB,4,322,305,94.7
HX6,NHS West Yorkshire ICB,2,171,162,94.7
KT17,NHS Surrey Heartlands ICB,3,508,481,94.7
LE8,"NHS Leicester, Leicestershire and Rutland ICB",4,493,467,94.7
MK16,"NHS Bedfordshire, Luton and Milton Keynes ICB",1,243,230,94.7
NE11,NHS North East and North Cumbria ICB,1,75,71,94.7
NR14,NHS Norfolk and Waveney ICB,3,227,215,94.7
PE6,Multiple regions,3,449,425,94.7
PL12,NHS Cornwall and the Isles of Scilly ICB,3,152,144,94.7
PL13,NHS Cornwall and the Isles of Scilly ICB,1,38,36,94.7
SG5,Multiple regions,3,552,523,94.7
SN25,"NHS Bath and North East Somerset, Swindon and Wiltshire ICB",2,302,286,94.7
SO40,NHS Hampshire and Isle of Wight ICB,2,303,287,94.7
TR21,NHS Cornwall and the Isles of Scilly ICB,1,19,18,94.7
TS10,NHS North East and North Cumbria ICB,5,361,342,94.7
B60,NHS Herefordshire and Worcestershire ICB,1,97,92,94.8
BN16,NHS Sussex ICB,3,305,289,94.8
CO3,NHS Suffolk and North East Essex ICB,3,330,313,94.8
CW2,NHS Cheshire and Merseyside ICB,1,174,165,94.8
DH9,NHS North East and North Cumbria ICB,4,288,273,94.8
EX1,NHS Devon ICB,8,710,673,94.8
EX10,NHS Devon ICB,1,58,55,94.8
EX12,NHS Devon ICB,2,96,91,94.8
EX22,NHS Devon ICB,2,134,127,94.8
HG4,NHS Humber and North Yorkshire ICB,4,193,183,94.8
IP28,NHS Suffolk and North East Essex ICB,2,250,237,94.8
KT13,NHS Surrey Heartlands ICB,1,229,217,94.8
NE24,NHS North East and North Cumbria ICB,2,458,434,94.8
PR26,NHS Lancashire and South Cumbria ICB,2,154,146,94.8
RG14,"NHS Buckinghamshire, Oxfordshire and Berkshire West ICB",3,557,528,94.8
RH19,NHS Sussex ICB,1,155,147,94.8
S36,NHS South Yorkshire ICB,4,289,274,94.8
S63,NHS South Yorkshire ICB,5,460,436,94.8
SK7,NHS Greater Manchester ICB,5,384,364,94.8
SP10,NHS Hampshire and Isle of Wight ICB,5,743,704,94.8
SY14,NHS Cheshire and Merseyside ICB,1,58,55,94.8
TR26,NHS Cornwall and the Isles of Scilly ICB,1,77,73,94.8
WV8,NHS Staffordshire and Stoke-on-Trent ICB,2,153,145,94.8
AL5,NHS Hertfordshire and West Essex ICB,3,374,355,94.9
BA5,NHS Somerset ICB,2,156,148,94.9
BB7,NHS Lancashire and South Cumbria ICB,3,333,316,94.9
BS9,"NHS Bristol, North Somerset and South Gloucestershire ICB",2,177,168,94.9
CB23,NHS Cambridgeshire and Peterborough ICB,5,356,338,94.9
CV31,NHS Coventry and Warwickshire ICB,4,390,370,94.9
CW6,NHS Cheshire and Merseyside ICB,4,177,168,94.9
GU18,NHS Frimley ICB,1,178,169,94.9
HG5,NHS Humber and North Yorkshire ICB,3,257,244,94.9
NE71,NHS North East and North Cumbria ICB,1,39,37,94.9
NR17,NHS Norfolk and Waveney ICB,1,158,150,94.9
NR18,NHS Norfolk and Waveney ICB,2,275,261,94.9
NR31,NHS Norfolk and Waveney ICB,3,454,431,94.9
OX20,"NHS Buckinghamshire, Oxfordshire and Berkshire West ICB",1,78,74,94.9
PO8,NHS Hampshire and Isle of Wight ICB,4,354,336,94.9
RG40,"NHS Buckinghamshire, Oxfordshire and Berkshire West ICB",2,412,391,94.9
RG41,"NHS Buckinghamshire, Oxfordshire and Berkshire West ICB",1,156,148,94.9
S10,NHS South Yorkshire ICB,4,195,185,94.9
WA4,NHS Cheshire and Merseyside ICB,4,409,388,94.9
WR5,NHS Herefordshire and Worcestershire ICB,2,332,315,94.9
WV16,"NHS Shropshire, Telford and Wrekin ICB",2,137,130,94.9
YO61,NHS Humber and North Yorkshire ICB,3,136,129,94.9
BS31,"NHS Bath and North East Somerset, Swindon and Wiltshire ICB",2,302,287,95.0
CH48,NHS Cheshire and Merseyside ICB,1,120,114,95.0
CT5,NHS Kent and Medway ICB,1,337,320,95.0
DE11,NHS Derby and Derbyshire ICB,5,598,568,95.0
DT11,NHS Dorset ICB,2,220,209,95.0
EX2,NHS Devon ICB,2,161,153,95.0
FY8,NHS Lancashire and South Cumbria ICB,5,318,302,95.0
GL12,NHS Gloucestershire ICB,2,222,211,95.0
HU15,NHS Humber and North Yorkshire ICB,2,478,454,95.0
LN8,NHS Lincolnshire ICB,3,120,114,95.0
M46,NHS Greater Manchester ICB,4,199,189,95.0
NE33,NHS North East and North Cumbria ICB,6,422,401,95.0
NN14,NHS Northamptonshire ICB,3,342,325,95.0
NR4,NHS Norfolk and Waveney ICB,2,278,264,95.0
OX12,"NHS Buckinghamshire, Oxfordshire and Berkshire West ICB",2,456,433,95.0
OX3,"NHS Buckinghamshire, Oxfordshire and Berkshire West ICB",2,443,421,95.0
PL22,NHS Cornwall and the Isles of Scilly ICB,1,40,38,95.0
PO12,NHS Hampshire and Isle of Wight ICB,2,539,512,95.0
SK16,NHS Greater Manchester ICB,3,161,153,95.0
SO22,NHS Hampshire and Isle of Wight ICB,2,423,402,95.0
ST10,NHS Staffordshire and Stoke-on-Trent ICB,6,240,228,95.0
WS9,NHS Black Country ICB,5,298,283,95.0
WV11,Multiple regions,3,140,133,95.0
LN7,NHS Lincolnshire ICB,1,41,39,95.1
NE28,NHS North East and North Cumbria ICB,3,428,407,95.1
S64,NHS South Yorkshire ICB,4,409,389,95.1
SG6,NHS Hertfordshire and West Essex ICB,3,368,350,95.1
SN10,"NHS Bath and North East Somerset, Swindon and Wiltshire ICB",5,246,234,95.1
SN4,"NHS Bath and North East Somerset, Swindon and Wiltshire ICB",3,267,254,95.1
SN9,"NHS Bath and North East Somerset, Swindon and Wiltshire ICB",1,82,78,95.1
SP5,"NHS Bath and North East Somerset, Swindon and Wiltshire ICB",2,82,78,95.1
WF4,NHS West Yorkshire ICB,3,244,232,95.1
WR14,NHS Herefordshire and Worcestershire ICB,4,263,250,95.1
BL2,NHS Greater Manchester ICB,5,392,373,95.2
CB6,NHS Cambridgeshire and Peterborough ICB,4,373,355,95.2
CV22,NHS Coventry and Warwickshire ICB,1,63,60,95.2
DE4,NHS Derby and Derbyshire ICB,5,250,238,95.2
DE55,NHS Derby and Derbyshire ICB,6,668,636,95.2
DE73,NHS Derby and Derbyshire ICB,2,356,339,95.2
DY10,NHS Herefordshire and Worcestershire ICB,4,333,317,95.2
GL7,NHS Gloucestershire ICB,5,501,477,95.2
GU19,NHS Frimley ICB,1,63,60,95.2
HU16,NHS Humber and North Yorkshire ICB,1,42,40,95.2
LA15,NHS Lancashire and South Cumbria ICB,1,83,79,95.2
LS26,NHS West Yorkshire ICB,2,456,434,95.2
NE34,NHS North East and North Cumbria ICB,4,518,493,95.2
NE49,NHS North East and North Cumbria ICB,1,42,40,95.2
NE61,NHS North East and North Cumbria ICB,5,609,580,95.2
PE38,NHS Norfolk and Waveney ICB,3,168,160,95.2
PL19,NHS Devon ICB,2,168,160,95.2
RH13,NHS Sussex ICB,2,145,138,95.2
SG8,NHS Cambridgeshire and Peterborough ICB,2,166,158,95.2
TN25,NHS Kent and Medway ICB,2,145,138,95.2
CO9,NHS Mid and South Essex ICB,2,236,225,95.3
CV7,Multiple regions,2,149,142,95.3
DN6,NHS South Yorkshire ICB,3,365,348,95.3
EX14,NHS Devon ICB,1,148,141,95.3
GU1,NHS Surrey Heartlands ICB,3,233,222,95.3
GU52,NHS Frimley ICB,1,128,122,95.3
HD7,NHS West Yorkshire ICB,3,255,243,95.3
HD8,NHS West Yorkshire ICB,5,279,266,95.3
M29,NHS Greater Manchester ICB,7,450,429,95.3
M44,NHS Greater Manchester ICB,3,236,225,95.3
NN7,NHS Northamptonshire ICB,4,471,449,95.3
OL15,NHS Greater Manchester ICB,4,172,164,95.3
PO14,NHS Hampshire and Isle of Wight ICB,1,86,82,95.3
PO16,NHS Hampshire and Isle of Wight ICB,3,295,281,95.3
RG29,NHS Hampshire and Isle of Wight ICB,1,107,102,95.3
SK11,NHS Cheshire and Merseyside ICB,7,537,512,95.3
SN12,"NHS Bath and North East Somerset, Swindon and Wiltshire ICB",2,301,287,95.3
SO51,NHS Hampshire and Isle of Wight ICB,2,255,243,95.3
SP3,"NHS Bath and North East Somerset, Swindon and Wiltshire ICB",2,43,41,95.3
TS11,NHS North East and North Cumbria ICB,1,43,41,95.3
BA20,NHS Somerset ICB,3,347,331,95.4
BD16,NHS West Yorkshire ICB,3,197,188,95.4
GU12,NHS Frimley ICB,1,151,144,95.4
IP17,NHS Suffolk and North East Essex ICB,1,87,83,95.4
LE12,Multiple regions,11,870,830,95.4
LE15,Multiple regions,5,351,335,95.4
LE6,"NHS Leicester, Leicestershire and Rutland ICB",2,108,103,95.4
NE1,NHS North East and North Cumbria ICB,2,219,209,95.4
NE22,NHS North East and North Cumbria ICB,2,175,167,95.4
OX1,"NHS Buckinghamshire, Oxfordshire and Berkshire West ICB",3,151,144,95.4
PL5,NHS Devon ICB,4,570,544,95.4
RH2,NHS Surrey Heartlands ICB,1,217,207,95.4
S81,NHS Nottingham and Nottinghamshire ICB,1,329,314,95.4
SK6,NHS Greater Manchester ICB,9,523,499,95.4
TW17,NHS Surrey Heartlands ICB,2,130,124,95.4
WA11,NHS Cheshire and Merseyside ICB,4,260,248,95.4
WR9,NHS Herefordshire and Worcestershire ICB,4,392,374,95.4
B80,NHS Coventry and Warwickshire ICB,1,67,64,95.5
BD15,NHS West Yorkshire ICB,1,89,85,95.5
DN35,NHS Humber and North Yorkshire ICB,3,269,257,95.5
DY8,NHS Black Country ICB,3,424,405,95.5
ME14,NHS Kent and Medway ICB,2,220,210,95.5
NE62,NHS North East and North Cumbria ICB,1,66,63,95.5
NR28,NHS Norfolk and Waveney ICB,2,134,128,95.5
SW1X,NHS North West London ICB,1,67,64,95.5
TR5,NHS Cornwall and the Isles of Scilly ICB,1,67,64,95.5
BH6,NHS Dorset ICB,3,228,218,95.6
CH46,NHS Cheshire and Merseyside ICB,5,274,262,95.6
GU17,NHS Frimley ICB,1,296,283,95.6
HP27,"NHS Buckinghamshire, Oxfordshire and Berkshire West ICB",2,363,347,95.6
IP5,NHS Suffolk and North East Essex ICB,2,90,86,95.6
LS24,NHS Humber and North Yorkshire ICB,1,90,86,95.6
NG34,NHS Lincolnshire ICB,4,321,307,95.6
PE32,NHS Norfolk and Waveney ICB,3,91,87,95.6
PR3,NHS Lancashire and South Cumbria ICB,4,456,436,95.6
TA10,NHS Somerset ICB,1,91,87,95.6
WF7,NHS West Yorkshire ICB,3,272,260,95.6
YO42,NHS Humber and North Yorkshire ICB,1,180,172,95.6
B95,NHS Coventry and Warwickshire ICB,1,47,45,95.7
BS22,"NHS Bristol, North Somerset and South Gloucestershire ICB",2,209,200,95.7
CA28,NHS North East and North Cumbria ICB,2,161,154,95.7
CB22,NHS Cambridgeshire and Peterborough ICB,2,559,535,95.7
CO13,NHS Suffolk and North East Essex ICB,1,47,45,95.7
DE7,NHS Derby and Derbyshire ICB,7,621,594,95.7
DL15,NHS North East and North Cumbria ICB,2,185,177,95.7
GU7,NHS Surrey Heartlands ICB,2,282,270,95.7
IP32,NHS Suffolk and North East Essex ICB,1,162,155,95.7
LE67,"NHS Leicester, Leicestershire and Rutland ICB",8,682,653,95.7
MK18,"NHS Buckinghamshire, Oxfordshire and Berkshire West ICB",1,231,221,95.7
NE2,NHS North East and North Cumbria ICB,1,208,199,95.7
NE43,NHS North East and North Cumbria ICB,1,23,22,95.7
NE48,NHS North East and North Cumbria ICB,1,23,22,95.7
NG10,NHS Derby and Derbyshire ICB,5,394,377,95.7
RG9,"NHS Buckinghamshire, Oxfordshire and Berkshire West ICB",3,184,176,95.7
SG18,"NHS Bedfordshire, Luton and Milton Keynes ICB",2,398,381,95.7
SK22,NHS Derby and Derbyshire ICB,2,115,110,95.7
TS27,NHS North East and North Cumbria ICB,1,92,88,95.7
YO26,NHS Humber and North Yorkshire ICB,1,70,67,95.7
BS27,NHS Somerset ICB,1,72,69,95.8
HX4,NHS West Yorkshire ICB,1,96,92,95.8
LN10,NHS Lincolnshire ICB,2,48,46,95.8
LN2,NHS Lincolnshire ICB,6,478,458,95.8
LS21,NHS West Yorkshire ICB,2,216,207,95.8
PL6,NHS Devon ICB,3,212,203,95.8
PO17,NHS Hampshire and Isle of Wight ICB,1,120,115,95.8
SP2,"NHS Bath and North East Somerset, Swindon and Wiltshire ICB",3,408,391,95.8
SR7,NHS North East and North Cumbria ICB,4,260,249,95.8
SS6,NHS Mid and South Essex ICB,3,261,250,95.8
WR6,NHS Herefordshire and Worcestershire ICB,2,72,69,95.8
B93,NHS Birmingham and Solihull ICB,2,122,117,95.9
CA11,NHS North East and North Cumbria ICB,2,194,186,95.9
CB11,NHS Hertfordshire and West Essex ICB,2,219,210,95.9
CH47,NHS Cheshire and Merseyside ICB,1,49,47,95.9
CW9,NHS Cheshire and Merseyside ICB,4,391,375,95.9
DE56,NHS Derby and Derbyshire ICB,3,268,257,95.9
GL18,NHS Gloucestershire ICB,1,122,117,95.9
IP12,NHS Suffolk and North East Essex ICB,3,196,188,95.9
NE9,NHS North East and North Cumbria ICB,4,314,301,95.9
OX10,Multiple regions,4,295,283,95.9
RG10,"NHS Buckinghamshire, Oxfordshire and Berkshire West ICB",2,171,164,95.9
RH12,NHS Sussex ICB,6,701,672,95.9
S25,NHS South Yorkshire ICB,1,193,185,95.9
S35,NHS South Yorkshire ICB,5,339,325,95.9
SO31,NHS Hampshire and Isle of Wight ICB,3,389,373,95.9
TN28,NHS Kent and Medway ICB,2,73,70,95.9
WA5,NHS Cheshire and Merseyside ICB,5,435,417,95.9
BS30,"NHS Bristol, North Somerset and South Gloucestershire ICB",3,300,288,96.0
DY6,NHS Black Country ICB,4,377,362,96.0
IP11,NHS Suffolk and North East Essex ICB,3,250,240,96.0
IP14,NHS Suffolk and North East Essex ICB,4,429,412,96.0
NE13,NHS North East and North Cumbria ICB,2,151,145,96.0
NR19,NHS Norfolk and Waveney ICB,3,201,193,96.0
OX5,"NHS Buckinghamshire, Oxfordshire and Berkshire West ICB",3,202,194,96.0
RG7,"NHS Buckinghamshire, Oxfordshire and Berkshire West ICB",4,448,430,96.0
S71,NHS South Yorkshire ICB,6,322,309,96.0
SY3,"NHS Shropshire, Telford and Wrekin ICB",5,349,335,96.0
TF11,"NHS Shropshire, Telford and Wrekin ICB",1,177,170,96.0
TN26,NHS Kent and Medway ICB,2,126,121,96.0
WS6,NHS Staffordshire and Stoke-on-Trent ICB,4,224,215,96.0
YO18,NHS Humber and North Yorkshire ICB,1,75,72,96.0
B78,NHS Coventry and Warwickshire ICB,2,207,199,96.1
CB2,NHS Cambridgeshire and Peterborough ICB,4,337,324,96.1
CH3,NHS Cheshire and Merseyside ICB,2,129,124,96.1
CO5,Multiple regions,4,281,270,96.1
NE10,NHS North East and North Cumbria ICB,4,254,244,96.1
PO32,NHS Hampshire and Isle of Wight ICB,1,77,74,96.1
PR6,NHS Lancashire and South Cumbria ICB,5,311,299,96.1
RG17,"NHS Buckinghamshire, Oxfordshire and Berkshire West ICB",3,178,171,96.1
RG8,"NHS Buckinghamshire, Oxfordshire and Berkshire West ICB",2,181,174,96.1
RH7,NHS Surrey Heartlands ICB,1,103,99,96.1
WR2,NHS Herefordshire and Worcestershire ICB,2,311,299,96.1
BS20,"NHS Bristol, North Somerset and South Gloucestershire ICB",3,260,250,96.2
CA12,NHS North East and North Cumbria ICB,1,53,51,96.2
CV34,NHS Coventry and Warwickshire ICB,4,532,512,96.2
DT4,NHS Dorset ICB,4,417,401,96.2
GU11,NHS Frimley ICB,3,470,452,96.2
HR8,NHS Herefordshire and Worcestershire ICB,1,80,77,96.2
IP13,NHS Suffolk and North East Essex ICB,2,133,128,96.2
IP6,NHS Suffolk and North East Essex ICB,1,131,126,96.2
LE14,"NHS Leicester, Leicestershire and Rutland ICB",1,78,75,96.2
NE12,NHS North East and North Cumbria ICB,4,371,357,96.2
OX9,"NHS Buckinghamshire, Oxfordshire and Berkshire West ICB",1,132,127,96.2
S21,NHS Derby and Derbyshire ICB,3,209,201,96.2
ST8,NHS Staffordshire and Stoke-on-Trent ICB,2,159,153,96.2
SY4,"NHS Shropshire, Telford and Wrekin ICB",4,239,230,96.2
TA22,NHS Somerset ICB,1,26,25,96.2
TR6,NHS Cornwall and the Isles of Scilly ICB,1,52,50,96.2
BS21,"NHS Bristol, North Somerset and South Gloucestershire ICB",1,136,131,96.3
CA13,NHS North East and North Cumbria ICB,1,107,103,96.3
CO11,NHS Suffolk and North East Essex ICB,2,108,104,96.3
DL8,NHS Humber and North Yorkshire ICB,3,136,131,96.3
GL20,Multiple regions,3,295,284,96.3
GU28,NHS Sussex ICB,1,54,52,96.3
GU32,NHS Hampshire and Isle of Wight ICB,2,296,285,96.3
IP7,NHS Suffolk and North East Essex ICB,2,188,181,96.3
L40,NHS Lancashire and South Cumbria ICB,3,109,105,96.3
NE23,NHS North East and North Cumbria ICB,4,268,258,96.3
NG14,NHS Nottingham and Nottinghamshire ICB,2,136,131,96.3
NR29,NHS Norfolk and Waveney ICB,3,136,131,96.3
PE10,NHS Lincolnshire ICB,2,246,237,96.3
PE8,NHS Cambridgeshire and Peterborough ICB,2,108,104,96.3
PL2,NHS Devon ICB,3,347,334,96.3
PL7,NHS Devon ICB,2,619,596,96.3
TN29,NHS Kent and Medway ICB,1,27,26,96.3
TS15,NHS North East and North Cumbria ICB,1,109,105,96.3
YO32,NHS Humber and North Yorkshire ICB,2,382,368,96.3
CH63,NHS Cheshire and Merseyside ICB,5,225,217,96.4
KT10,NHS Surrey Heartlands ICB,4,276,266,96.4
LA9,NHS Lancashire and South Cumbria ICB,3,280,270,96.4
NE32,NHS North East and North Cumbria ICB,4,193,186,96.4
NG23,Multiple regions,3,137,132,96.4
PL17,NHS Cornwall and the Isles of Scilly ICB,1,110,106,96.4
DN34,NHS Humber and North Yorkshire ICB,4,373,360,96.5
EX36,NHS Devon ICB,1,85,82,96.5
EX8,NHS Devon ICB,3,258,249,96.5
IP33,NHS Suffolk and North East Essex ICB,4,431,416,96.5
LA2,NHS Lancashire and South Cumbria ICB,1,57,55,96.5
MK46,"NHS Bedfordshire, Luton and Milton Keynes ICB",1,57,55,96.5
NG12,NHS Nottingham and Nottinghamshire ICB,2,289,279,96.5
PO15,NHS Hampshire and Isle of Wight ICB,2,462,446,96.5
S18,NHS Derby and Derbyshire ICB,3,142,137,96.5
S40,NHS Derby and Derbyshire ICB,5,715,690,96.5
S41,NHS Derby and Derbyshire ICB,2,173,167,96.5
S73,NHS South Yorkshire ICB,3,317,306,96.5
SK10,NHS Cheshire and Merseyside ICB,1,258,249,96.5
CA22,NHS North East and North Cumbria ICB,2,265,256,96.6
CA8,NHS North East and North Cumbria ICB,1,116,112,96.6
DH8,NHS North East and North Cumbria ICB,3,297,287,96.6
LA10,NHS Lancashire and South Cumbria ICB,1,29,28,96.6
LA12,NHS Lancashire and South Cumbria ICB,3,147,142,96.6
LA13,NHS Lancashire and South Cumbria ICB,1,89,86,96.6
M33,NHS Greater Manchester ICB,5,557,538,96.6
NE16,NHS North East and North Cumbria ICB,3,203,196,96.6
NE38,NHS North East and North Cumbria ICB,4,205,198,96.6
S66,NHS South Yorkshire ICB,6,414,400,96.6
YO7,NHS Humber and North Yorkshire ICB,3,176,170,96.6
AL8,NHS Hertfordshire and West Essex ICB,1,152,147,96.7
BD17,NHS West Yorkshire ICB,1,61,59,96.7
DH7,NHS North East and North Cumbria ICB,6,545,527,96.7
DN18,NHS Humber and North Yorkshire ICB,2,151,146,96.7
GU51,NHS Frimley ICB,1,214,207,96.7
HR7,NHS Herefordshire and Worcestershire ICB,1,61,59,96.7
HU17,NHS Humber and North Yorkshire ICB,5,518,501,96.7
LE7,"NHS Leicester, Leicestershire and Rutland ICB",4,337,326,96.7
NE42,NHS North East and North Cumbria ICB,3,121,117,96.7
NR7,NHS Norfolk and Waveney ICB,2,212,205,96.7
SN15,"NHS Bath and North East Somerset, Swindon and Wiltshire ICB",2,246,238,96.7
SP4,Multiple regions,4,300,290,96.7
WA14,NHS Greater Manchester ICB,5,363,351,96.7
WR8,NHS Herefordshire and Worcestershire ICB,1,92,89,96.7
DE65,NHS Derby and Derbyshire ICB,2,218,211,96.8
IP19,NHS Norfolk and Waveney ICB,1,63,61,96.8
LS5,NHS West Yorkshire ICB,2,125,121,96.8
NE25,NHS North East and North Cumbria ICB,3,155,150,96.8
NN29,NHS Northamptonshire ICB,1,31,30,96.8
PE23,NHS Lincolnshire ICB,1,62,60,96.8
S7,NHS South Yorkshire ICB,1,125,121,96.8
HP15,"NHS Buckinghamshire, Oxfordshire and Berkshire West ICB",1,65,63,96.9
KT24,NHS Surrey Heartlands ICB,1,65,63,96.9
NE29,NHS North East and North Cumbria ICB,4,516,500,96.9
PE19,NHS Cambridgeshire and Peterborough ICB,5,489,474,96.9
PL3,NHS Devon ICB,1,65,63,96.9
S12,NHS South Yorkshire ICB,4,228,221,96.9
SK17,NHS Derby and Derbyshire ICB,4,257,249,96.9
TS14,NHS North East and North Cumbria ICB,2,162,157,96.9
CA16,NHS North East and North Cumbria ICB,1,33,32,97.0
EX20,NHS Devon ICB,1,134,130,97.0
GL53,NHS Gloucestershire ICB,1,101,98,97.0
IP22,Multiple regions,3,169,164,97.0
OX11,"NHS Buckinghamshire, Oxfordshire and Berkshire West ICB",3,604,586,97.0
RG18,"NHS Buckinghamshire, Oxfordshire and Berkshire West ICB",1,169,164,97.0
RG19,"NHS Buckinghamshire, Oxfordshire and Berkshire West ICB",1,101,98,97.0
S33,NHS Derby and Derbyshire ICB,1,33,32,97.0
S74,NHS South Yorkshire ICB,2,230,223,97.0
SO42,NHS Hampshire and Isle of Wight ICB,1,33,32,97.0
TA20,NHS Somerset ICB,1,133,129,97.0
TF10,"NHS Shropshire, Telford and Wrekin ICB",2,202,196,97.0
TQ14,NHS Devon ICB,2,134,130,97.0
TR3,NHS Cornwall and the Isles of Scilly ICB,1,33,32,97.0
WN4,Multiple regions,5,269,261,97.0
BN12,NHS Sussex ICB,2,138,134,97.1
CW3,Multiple regions,3,104,101,97.1
CW4,NHS Cheshire and Merseyside ICB,1,103,100,97.1
DL16,NHS North East and North Cumbria ICB,2,242,235,97.1
NE35,NHS North East and North Cumbria ICB,2,102,99,97.1
OX14,"NHS Buckinghamshire, Oxfordshire and Berkshire West ICB",5,621,603,97.1
OX28,"NHS Buckinghamshire, Oxfordshire and Berkshire West ICB",3,409,397,97.1
PE31,NHS Norfolk and Waveney ICB,2,68,66,97.1
S72,NHS South Yorkshire ICB,4,278,270,97.1
SR1,NHS North East and North Cumbria ICB,3,139,135,97.1
BS39,"NHS Bath and North East Somerset, Swindon and Wiltshire ICB",1,106,103,97.2
BS48,"NHS Bristol, North Somerset and South Gloucestershire ICB",1,252,245,97.2
CA7,NHS North East and North Cumbria ICB,5,214,208,97.2
CB25,NHS Cambridgeshire and Peterborough ICB,3,215,209,97.2
EX23,NHS Cornwall and the Isles of Scilly ICB,2,107,104,97.2
NE65,NHS North East and North Cumbria ICB,2,109,106,97.2
OX15,"NHS Buckinghamshire, Oxfordshire and Berkshire West ICB",3,179,174,97.2
SR6,NHS North East and North Cumbria ICB,4,214,208,97.2
TQ8,NHS Devon ICB,1,36,35,97.2
WF2,NHS West Yorkshire ICB,4,398,387,97.2
WF5,NHS West Yorkshire ICB,1,178,173,97.2
WN6,NHS Greater Manchester ICB,4,457,444,97.2
CA20,NHS North East and North Cumbria ICB,1,38,37,97.4
CV47,NHS Coventry and Warwickshire ICB,3,230,224,97.4
CV8,NHS Coventry and Warwickshire ICB,3,233,227,97.4
DT5,NHS Dorset ICB,1,76,74,97.4
LE65,"NHS Leicester, Leicestershire and Rutland ICB",1,154,150,97.4
NE26,NHS North East and North Cumbria ICB,2,192,187,97.4
S42,NHS Derby and Derbyshire ICB,3,153,149,97.4
SO53,NHS Hampshire and Isle of Wight ICB,2,231,225,97.4
YO25,NHS Humber and North Yorkshire ICB,2,191,186,97.4
CA14,NHS North East and North Cumbria ICB,2,357,348,97.5
NE27,NHS North East and North Cumbria ICB,1,122,119,97.5
NR13,NHS Norfolk and Waveney ICB,3,198,193,97.5
S45,NHS Derby and Derbyshire ICB,3,201,196,97.5
SN7,"NHS Buckinghamshire, Oxfordshire and Berkshire West ICB",1,200,195,97.5
SR5,NHS North East and North Cumbria ICB,3,197,192,97.5
ST14,NHS Staffordshire and Stoke-on-Trent ICB,3,199,194,97.5
ST7,Multiple regions,7,523,510,97.5
SY2,"NHS Shropshire, Telford and Wrekin ICB",2,160,156,97.5
SY8,"NHS Shropshire, Telford and Wrekin ICB",2,120,117,97.5
B61,NHS Herefordshire and Worcestershire ICB,4,415,405,97.6
CA17,NHS North East and North Cumbria ICB,1,42,41,97.6
CA2,NHS North East and North Cumbria ICB,1,164,160,97.6
EX5,NHS Devon ICB,3,169,165,97.6
GL17,NHS Gloucestershire ICB,2,83,81,97.6
GU29,NHS Sussex ICB,1,83,81,97.6
HU10,NHS Humber and North Yorkshire ICB,1,41,40,97.6
IP16,NHS Suffolk and North East Essex ICB,1,84,82,97.6
LA6,NHS Lancashire and South Cumbria ICB,1,41,40,97.6
LS29,NHS West Yorkshire ICB,4,205,200,97.6
NE40,NHS North East and North Cumbria ICB,1,170,166,97.6
NR12,NHS Norfolk and Waveney ICB,3,170,166,97.6
PL23,NHS Cornwall and the Isles of Scilly ICB,1,41,40,97.6
S26,NHS South Yorkshire ICB,2,253,247,97.6
SK23,NHS Derby and Derbyshire ICB,2,127,124,97.6
SO45,NHS Hampshire and Isle of Wight ICB,3,328,320,97.6
YO19,NHS Humber and North Yorkshire ICB,1,42,41,97.6
BA15,"NHS Bath and North East Somerset, Swindon and Wiltshire ICB",1,130,127,97.7
DH2,NHS North East and North Cumbria ICB,3,218,213,97.7
GL15,NHS Gloucestershire ICB,4,216,211,97.7
GU10,NHS Frimley ICB,3,218,213,97.7
HR5,NHS Herefordshire and Worcestershire ICB,1,44,43,97.7
HR9,NHS Herefordshire and Worcestershire ICB,2,133,130,97.7
TS21,NHS North East and North Cumbria ICB,2,171,167,97.7
WR7,NHS Herefordshire and Worcestershire ICB,1,44,43,97.7
EX11,NHS Devon ICB,1,90,88,97.8
GL11,NHS Gloucestershire ICB,2,178,174,97.8
LA5,NHS Lancashire and South Cumbria ICB,1,139,136,97.8
LS20,NHS West Yorkshire ICB,1,89,87,97.8
SR3,NHS North East and North Cumbria ICB,5,368,360,97.8
SY9,"NHS Shropshire, Telford and Wrekin ICB",1,45,44,97.8
WR3,NHS Herefordshire and Worcestershire ICB,1,134,131,97.8
BA16,NHS Somerset ICB,1,94,92,97.9
DH4,NHS North East and North Cumbria ICB,6,422,413,97.9
DL12,NHS North East and North Cumbria ICB,2,95,93,97.9
IP20,NHS Norfolk and Waveney ICB,1,48,47,97.9
NE37,NHS North East and North Cumbria ICB,3,193,189,97.9
NE45,NHS North East and North Cumbria ICB,1,48,47,97.9
OX18,Multiple regions,4,336,329,97.9
PL9,NHS Devon ICB,3,187,183,97.9
SG4,NHS Hertfordshire and West Essex ICB,2,144,141,97.9
SN16,"NHS Bath and North East Somerset, Swindon and Wiltshire ICB",2,145,142,97.9
ST13,NHS Staffordshire and Stoke-on-Trent ICB,3,195,191,97.9
TQ10,NHS Devon ICB,1,48,47,97.9
TS8,NHS North East and North Cumbria ICB,2,193,189,97.9
CV33,NHS Coventry and Warwickshire ICB,1,51,50,98.0
CW12,NHS Cheshire and Merseyside ICB,3,358,351,98.0
SG16,"NHS Bedfordshire, Luton and Milton Keynes ICB",1,98,96,98.0
YO23,NHS Humber and North Yorkshire ICB,1,49,48,98.0
YO62,NHS Humber and North Yorkshire ICB,3,98,96,98.0
CT18,NHS Kent and Medway ICB,2,52,51,98.1
DH1,NHS North East and North Cumbria ICB,4,264,259,98.1
IP23,NHS Suffolk and North East Essex ICB,1,53,52,98.1
NE21,NHS North East and North Cumbria ICB,3,156,153,98.1
TA5,NHS Somerset ICB,2,54,53,98.1
DL4,NHS North East and North Cumbria ICB,1,55,54,98.2
NR9,NHS Norfolk and Waveney ICB,1,55,54,98.2
SG7,NHS Hertfordshire and West Essex ICB,2,168,165,98.2
WV7,"NHS Shropshire, Telford and Wrekin ICB",1,55,54,98.2
DE6,NHS Derby and Derbyshire ICB,3,175,172,98.3
LA23,NHS Lancashire and South Cumbria ICB,2,59,58,98.3
LS19,NHS West Yorkshire ICB,3,242,238,98.3
SO32,NHS Hampshire and Isle of Wight ICB,1,118,116,98.3
TS16,NHS North East and North Cumbria ICB,1,121,119,98.3
CO14,NHS Suffolk and North East Essex ICB,1,64,63,98.4
TF8,"NHS Shropshire, Telford and Wrekin ICB",1,61,60,98.4
YO13,NHS Humber and North Yorkshire ICB,1,62,61,98.4
CW8,NHS Cheshire and Merseyside ICB,3,262,258,98.5
IP21,Multiple regions,2,66,65,98.5
BA9,NHS Somerset ICB,1,71,70,98.6
DL13,NHS North East and North Cumbria ICB,3,74,73,98.6
NE31,NHS North East and North Cumbria ICB,3,207,204,98.6
SO24,NHS Hampshire and Isle of Wight ICB,1,72,71,98.6
DE45,NHS Derby and Derbyshire ICB,2,75,74,98.7
NG13,Multiple regions,2,79,78,98.7
SN14,"NHS Bath and North East Somerset, Swindon and Wiltshire ICB",2,151,149,98.7
NE17,NHS North East and North Cumbria ICB,2,83,82,98.8
TA11,NHS Somerset ICB,1,85,84,98.8
CA10,NHS North East and North Cumbria ICB,3,91,90,98.9
DL2,NHS North East and North Cumbria ICB,3,100,99,99.0
ST9,NHS Staffordshire and Stoke-on-Trent ICB,2,97,96,99.0
CA15,NHS North East and North Cumbria ICB,1,112,111,99.1
OL3,NHS Greater Manchester ICB,1,109,108,99.1
HP6,"NHS Buckinghamshire, Oxfordshire and Berkshire West ICB",1,125,124,99.2
NR34,NHS Norfolk and Waveney ICB,1,122,121,99.2
BA7,NHS Somerset ICB,1,55,55,100.0
BD11,NHS West Yorkshire ICB,1,19,19,100.0
CA4,NHS North East and North Cumbria ICB,1,19,19,100.0
CA5,NHS North East and North Cumbria ICB,1,37,37,100.0
CA6,NHS North East and North Cumbria ICB,1,31,31,100.0
CA9,NHS North East and North Cumbria ICB,1,14,14,100.0
DN38,NHS Humber and North Yorkshire ICB,1,19,19,100.0
DT8,NHS Dorset ICB,1,37,37,100.0
HR4,NHS Herefordshire and Worcestershire ICB,1,46,46,100.0
IP26,NHS Norfolk and Waveney ICB,1,38,38,100.0
LA17,NHS Lancashire and South Cumbria ICB,1,34,34,100.0
LA21,NHS Lancashire and South Cumbria ICB,1,9,9,100.0
LA7,NHS Lancashire and South Cumbria ICB,1,46,46,100.0
NE70,NHS North East and North Cumbria ICB,1,22,22,100.0
PL35,NHS Cornwall and the Isles of Scilly ICB,1,16,16,100.0
S32,NHS Derby and Derbyshire ICB,1,22,22,100.0
SO52,NHS Hampshire and Isle of Wight ICB,1,81,81,100.0
TA18,NHS Somerset ICB,1,83,83,100.0
TQ7,NHS Devon ICB,2,74,74,100.0
WR13,NHS Herefordshire and Worcestershire ICB,2,46,46,100.0
YO22,NHS Humber and North Yorkshire ICB,1,29,29,100.0
YO43,NHS Humber and North Yorkshire ICB,1,92,92,100.0
YO60,NHS Humber and North Yorkshire ICB,1,12,12,100.0
